pathway	E1	E2	E3	E4	E5	NS1	NS2	NS3	NS4	NS5	NS6	QS1	QS2	QS3	QS4	QS5	QS6	QS7	QS8	S1	S10	S11	S12	S13	S14	S2	S3	S4	S5	S6	S7	S8	S9
12DICHLORETHDEG-PWY	50.92845620612984	0.0	0.0	0.0	0.0	0.0	0.0	0.0	0.0	0.0	0.0	0.0	0.0	0.0	0.0	0.0	0.0	0.0	0.0	0.0	0.0	0.0	0.0	0.0	0.0	0.0	0.0	0.0	40.53603583223997	0.0	0.0	0.0	0.0
14DICHLORBENZDEG-PWY	19.838355101513	0.0	0.0	0.0	0.0	0.0	0.0	7.272727272727273	0.0	0.0	0.0	0.0	0.0	0.0	0.0	0.0	0.0	0.0	0.0	0.0	0.0	0.0	0.0	0.0	0.0	0.0	0.0	0.0	18.54630700005066	0.0	0.0	0.0	0.0
1CMET2-PWY	5591.631629619292	2362.584355326378	3573.1219413923627	4321.822206022704	4130.084749785692	3964.662161921709	7729.0387037831215	8073.577798815558	3239.3647659645717	3990.9668077679225	3532.993163445633	8068.844681791474	7187.797928928982	7788.110936772131	1508.0050270919176	1346.6014913714785	3869.216335286809	6241.679148644935	1597.163064178792	2818.882113435456	3698.3851624593885	3214.665931219849	4102.9179655351145	1974.5090578370257	2824.219631934584	2976.1025117605645	719.3208020634531	1832.271494784593	5272.1621557723165	2763.329772779625	3248.76342371074	2757.4182535146697	1825.2558979569158
3-HYDROXYPHENYLACETATE-DEGRADATION-PWY	60.276967907021465	0.0	2.4160872395906816	0.0	0.0	0.0	0.0	0.0	0.0	0.0	0.0	0.0	0.0	0.0	0.0	0.0	0.0	5.061993162673585	0.0	13.506546887963692	5.403178647326423	18.835410054180837	9.28267786331832	6.29438250962245	0.0	11.734227232586225	0.0	10.911514781124675	120.90277488930887	15.41568429836329	5.525165253151791	8.161887366695405	8.549811259664223
AEROBACTINSYN-PWY	51.465322991829474	0.0	0.0	0.0	7.411764705882353	0.0	0.0	0.0	0.0	0.0	0.0	0.0	0.0	58.89138589746965	0.0	0.0	0.0	95.43452699091395	0.0	31.420381100292694	69.94285714285715	4.362783424550431	19.365309645575163	15.937656554411355	0.9587528418317636	44.3168495415602	0.0	21.76501116408183	198.63359642872527	21.558987840946436	48.57416267942583	36.84751550751392	6.7852181161433744
ALLANTOINDEG-PWY	243.42408166179968	0.0	0.0	9.475096816120478	0.0	0.0	0.0	23.73870743571925	0.0	0.0	0.0	0.0	0.0	0.0	0.0	0.0	0.0	185.79246603256453	0.0	74.84534531098973	129.5613354016665	22.72026453563775	48.54247277014505	35.18113664932868	10.688173852519654	110.33759572009332	0.0	56.3184313033425	473.8870450294148	65.96366664798731	86.95421341801924	88.0564788187466	28.641527651257377
ANAEROFRUCAT-PWY	9088.759779114338	5145.588323280922	4906.966185815103	5085.510983907711	6389.624230661777	6922.2479587437665	7453.990749457325	3170.545559178981	6050.9839835962875	6931.890694012251	2838.4893116112708	9950.715099686488	5581.576859197935	7808.052535224311	3969.284113009107	4222.929965878948	2817.3255611934565	6077.191459717724	4046.785981639816	7515.241642587075	5131.104792359955	6593.802362209676	6482.691538848823	4779.486905069896	7826.8582685650745	6333.508634941168	1781.03219316968	6468.9427624531745	6489.328409213107	7670.5359917348505	5753.659851475024	4039.6401969398403	3953.0467692985635
ANAGLYCOLYSIS-PWY	10602.974401860592	10867.156073560518	5455.47548660281	5604.743527844233	7142.762854747211	8660.331328121669	9490.111138079252	4277.620548690694	6750.17946365141	8697.578082627544	3773.23577769228	12455.034148997853	7144.880271319577	9668.790304619146	5180.180621018686	4775.532311055941	3542.55014872038	7377.287710066319	5053.111399468354	8124.6602558909635	5582.387014433204	8795.412444963107	7187.962734233842	5121.595156518082	11807.775180983732	6891.679119212577	1849.1675209508937	6933.774095404714	7372.213394350594	11781.995449460424	6208.62342501984	4309.665351457614	4340.579639924552
ARG+POLYAMINE-SYN	3240.372909769514	929.0405042710195	1194.7818785185734	2021.046583795852	2487.1091414388166	2170.8719629873003	2131.970416264444	1228.1622917563604	765.2382169721238	2787.170100712444	557.6066907088016	2345.450195263237	2306.300625089829	2553.7993003960587	1391.554090657283	1725.1622156953242	483.2322524202529	1584.794083731261	1384.6142174153617	2030.7228445820622	1452.6271626705168	1748.8805336466528	1803.4556033639658	1293.9902563292342	2596.3948952685923	1845.9806356367794	470.1721876617159	1028.424544283397	3209.299849618413	1393.9729318674454	1654.0216135635242	1251.478755815209	1175.2156640549852
ARGDEG-IV-PWY	0.0	0.0	0.0	0.0	0.0	0.0	0.0	0.0	0.0	0.0	0.0	0.0	0.0	0.0	0.0	0.0	0.0	0.0	0.0	0.0	0.0	0.0	0.0	0.0	0.0	0.0	0.0	0.0	45.76248890907542	0.0	0.0	0.0	0.0
ARGDEG-PWY	54.2918667465365	0.0	4.761320528093565	2.7664691237857193	0.0	0.0	0.0	0.0	0.0	0.0	0.0	0.0	0.0	0.0	0.0	0.0	0.0	34.774770771500236	0.0	47.38236861012467	24.973731454776093	24.657763540459502	25.00485994975249	16.2534440773535	0.0	49.486500731247716	0.0	27.957611823160043	183.36817719670682	42.479485181191386	24.064846467576455	40.40138860062468	23.251993061095035
ARGININE-SYN4-PWY	3076.89146141345	1525.949074772233	2902.6083688994627	3877.809560493978	3661.430402779998	1999.7890093268084	1326.2325511966021	530.8640445226754	1392.4305167891596	1587.0985310242436	692.837632152801	2169.916427794973	1915.0974625144177	1520.533143194704	495.8578719895715	507.2109735982996	1024.8787995798198	1007.9962111007812	719.0855982094789	1508.1445438799904	2721.96036905139	2034.5962078086854	2655.7683978230284	1445.203248686832	1458.3361617063229	1544.4665907854035	316.1813756660978	1163.8084515329676	3058.633470711219	1466.0342320904674	2178.083055037727	1698.7346319142862	1534.0151630110408
ARGSYN-PWY	7340.498219096124	2075.5316797293535	4070.516287015659	4180.516168059452	4913.524907649191	16924.14774943665	18300.479621306487	9240.380442869455	10254.698126472604	14404.367145098759	5946.389133949261	19903.314150163	10316.353395022204	15233.808674320384	10490.303785158047	4460.333966719122	4378.001166724447	9376.901217261997	6101.304151867456	6692.248302542942	4166.008287895965	4773.412596068987	5820.787617173592	4668.882543381328	4867.172997213366	6949.037625544323	2458.5717637287767	7002.961140933037	6191.210736434923	4033.930887907638	5829.1891426086895	4097.456853011967	3236.327345646274
ARGSYNBSUB-PWY	8026.832375002752	2149.186691723247	3993.8265370763643	3806.3447604400135	4722.201922327607	18685.145260521113	20653.36994582872	10342.851271974068	11595.7959882294	16232.471530041212	6649.377027654165	22457.01318551509	11524.35373555979	17174.583463944815	11889.031681753551	4985.100933614358	4921.147547143754	10544.532119180003	6737.596050601547	7455.919716248549	4373.1050036357	5037.985541023277	6314.77938160012	5190.472779561586	5182.629522919886	7827.976983939746	2769.206287766081	7858.939829124717	6816.864784775391	4194.688023985042	6421.992858328135	4535.450120804407	3545.73698314314
ARO-PWY	11148.502373383044	11451.309966629753	6134.58660076111	6535.651414798399	8158.265251102867	18598.951964364664	20314.690417051635	11238.73419414394	11191.513039254018	16539.118016178487	6499.602270676685	21528.98550045386	12469.294766758872	17037.900349177547	11065.25217434198	5863.858304916329	5446.841143701847	11266.832337182555	6800.2992261174395	8916.895319846863	5997.904795217003	9202.200171801567	7754.913540235357	5957.777106221513	12764.346251638704	8102.696492631228	2797.68840372388	8816.570333118676	7872.539695563435	11955.209379410211	7415.224104679088	4934.391108442283	4757.888415670095
ASPASN-PWY	5092.855164532197	1737.0092516142604	2638.111412250304	2768.49814544614	3725.400332834994	1194.917814515427	1679.170938369782	863.660711003906	1139.0078405430731	1203.554263076628	316.8822463209044	1832.2620962960043	1609.5788427807524	1514.36128621986	981.7061917024691	2354.361641101985	461.89301411314216	1026.5492275936472	1559.2291530655984	3895.7466179568924	2621.3787748625396	3647.4454035350486	3428.4229888700693	2263.4895660257075	3203.539084986271	1768.3360478372185	901.8691340984402	3453.3469455560876	3195.911351025731	3162.060775462702	3094.4397034494614	1486.640568894173	2243.516788848734
AST-PWY	95.01585089833041	0.0	2.957142857142857	1.5228969854371976	0.0	0.0	0.0	0.0	0.0	0.0	0.0	0.0	0.0	0.83	0.0	0.0	0.0	35.8778804703522	0.0	37.118068956045136	26.731061406732405	22.157355027620973	24.792462572190143	19.971694011430888	7.058823529411765	44.03476933395814	0.0	27.311890306296476	131.03867992186863	42.96665518021949	28.46694111539549	33.808549422164816	21.234309096674686
BRANCHED-CHAIN-AA-SYN-PWY	11166.204508319039	11537.931506346553	5951.662902669955	5745.819276628998	8181.01330274885	17419.03851437033	15642.494686180777	8482.69678610898	8831.68670145289	14358.505142768649	6219.15801778534	17967.973026657703	10647.005439915032	13932.32255540124	9747.513966284332	5422.2451807324815	4463.753054603995	9418.649081720532	6754.718611198492	8647.131736544054	5903.944331513952	9108.147097015733	7192.093099116837	5391.662673606077	12780.27520785149	6828.356533987511	2294.4492291915167	7750.478072502425	7506.121216652184	12317.202641749374	6589.4687067973155	4326.328620145203	4552.649856457614
CALVIN-PWY	9841.503365182143	4754.103274208676	6014.855410647321	7256.782673897411	7635.987005789345	17483.419700413422	19867.251940577065	11567.84716163105	11718.767533227254	16300.833602208015	6394.834792826922	21545.57079914452	11754.784656793883	16966.71048412488	10843.275850713693	5245.803419876692	5797.995472041391	11340.746247971125	5775.863333559235	8376.059236696694	6039.361110506121	6744.196086174036	7592.834089907793	5722.76117278453	8252.686870700034	7987.1620878872545	2655.426284819134	8058.591628729951	8077.155759997366	7241.789203554964	6962.292522095081	5172.358763746901	4453.578709702741
CARNMET-PWY	57.48856637291492	32.0	140.29950083194674	60.84608798486283	34.0	0.0	0.0	0.0	0.0	0.0	21.66	67.67	410.5	52.53506066757943	0.0	0.0	0.0	18.76915063435841	6.0	4.037250815305568	15.918697231746139	0.0	66.286323070747	5.894197018972382	8.615357436318815	18.111429152089414	0.0	1.285983239300612	2.605646232758361	2.5143586942175697	14.76893349383151	1.653910781983015	1.2642780898684938
CATECHOL-ORTHO-CLEAVAGE-PWY	130.6146891105931	0.0	2.2012262410243864	6.6226094350724765	0.0	0.0	0.0	19.987021414665804	0.0	0.0	0.0	0.0	0.0	1.3257787719404308	0.0	0.0	0.0	101.33067289487741	0.0	62.731873577935666	79.33087287551473	18.540738534750133	39.7444174655099	25.371840497223317	0.0	76.62584405496487	0.0	31.237538371583103	380.8380396806578	55.09313177691316	58.0109676359659	64.74814965352019	24.827770548119403
CHLOROPHYLL-SYN	0.0	0.0	0.0	0.0	0.0	0.0	0.0	0.0	0.0	0.0	0.0	0.0	0.0	0.0	0.0	0.0	0.0	0.0	0.0	0.0	0.0	0.0	0.0	0.0	0.0	11.920888121922674	0.0	0.0	0.0	0.0	8.78855366317166	0.0	0.0
CITRULBIO-PWY	1239.3883955151764	209.4215585354528	155.3527376294123	217.20616928094816	504.57621499571786	3828.280071096503	4236.266338841179	1824.898911504587	145.40555009697843	6467.857294391304	3987.626990091018	7907.047615706292	5279.761990651493	4323.9103015439505	5354.235588278257	1294.9769378761564	1172.5302166267065	2923.7605153889754	3871.0021278182144	357.98447244096667	375.72178363102427	247.8077503797892	163.36775705032	298.6901496900847	1119.846488441875	657.1905080760449	81.82659601383506	755.1205071990473	1246.7188327399565	307.56268472592006	326.2315905474358	627.7070260409705	183.75362880415872
COA-PWY	11558.867722789872	12080.953487851462	5949.534636871667	6153.438440669022	7815.78288184061	18499.243291103943	18789.198137536594	9957.775499921416	11345.562987191513	15656.118084459824	6247.1362709313735	19985.329888304	11175.030782880236	16009.61608589281	10539.158240920236	5818.022044708018	4849.553472638256	10354.63243297536	6623.487887904471	9327.355520469257	6038.909967791555	9642.943452111798	7711.539875869346	5867.527772988059	13048.297439855858	7834.488213084752	2724.002625120393	8787.813407994052	7563.241534755755	13152.447614273591	7290.528959117459	4821.702572499303	4774.3801701095035
COA-PWY-1	10554.490252090207	10669.463623301643	5497.100023407875	5749.3890624086625	7084.1736703770275	17046.909621648305	18241.05293228569	9518.704948867451	11084.214670255473	15092.839602434165	6038.697967664189	19653.35456598344	10843.220025049472	15482.537445752982	10341.766729609932	5415.829236618255	4705.947947069629	9934.827495486608	6209.1929976297415	8680.707756729385	5614.625363777117	8612.469175854669	7213.197059670276	5535.834705580895	11606.044672052378	7534.577712773016	2629.1169235006773	8276.083200152705	7195.840934907773	11720.675802522777	6848.373104003211	4668.740713556592	4361.217552936377
COBALSYN-PWY	1266.076683574589	573.9936685838807	2042.268601041051	2758.389325664664	1865.6331461791706	181.37782824328426	2816.3475909205627	5360.7748748644235	939.1899385736526	788.2285100207188	1739.1697854142674	2866.1576166054533	3478.649395878124	2984.1420751529704	338.2629950046195	298.41894736262776	2470.48511367941	2663.687330401661	415.07266295154324	732.4531054721938	1828.602597091967	651.3640038332652	1436.3917108243143	688.7689410010697	668.1656455712871	872.4281700552959	68.65589906534491	431.84691022105665	1810.5911683217196	719.8957625858525	807.5966991181115	1299.7981206788963	435.02570721797
CODH-PWY	50.293849350215645	0.0	0.0	0.0	0.0	0.0	0.0	0.0	0.0	0.0	0.0	0.0	0.0	0.0	0.0	0.0	0.0	0.0	0.0	0.0	0.0	0.0	0.0	0.0	0.0	0.0	0.0	0.0	60.538367852841965	0.0	0.0	0.0	0.0
COLANSYN-PWY	2351.360193605537	1000.8889692840264	1040.6729387566754	1697.0571074766501	1620.4659218074894	22.6275693497047	270.4254842532275	156.22193452558997	163.49620336190316	43.856848504220366	1199.1315057343616	339.56739964211573	431.44283072726745	653.4488973899926	141.99575305100646	221.0546421798854	1275.4625886647364	536.1401402717728	808.7976790411174	710.9067554377026	924.2072276764612	789.5595169648726	659.1874933104159	772.9989096059794	1003.371862552858	1050.6091551176535	174.08523727606484	687.7630009956672	2115.469812025794	601.4907252245363	825.6290839016098	1212.4804461518468	1034.8675655395211
COMPLETE-ARO-PWY	12012.436092462447	12401.217609361373	6530.567490696239	6926.28760769868	8718.043760938392	20010.15667712735	21804.79433004252	12224.123714801299	11923.906697403856	17757.25662195918	7050.057176802231	23117.440845862882	13502.7144007118	18324.851543275694	11880.265823910398	6313.677466950446	5914.312224708201	12171.939084364149	7366.747453147512	9571.88804824713	6431.262621607855	9931.016867366165	8306.078483990193	6361.048779600015	13820.34220660118	8657.847412707415	2983.9828990719584	9432.605613490337	8407.84466426726	12947.530960804104	7934.138860486874	5253.278519754796	5082.684266596779
CRNFORCAT-PWY	62.103190301968915	0.0	3.409320606400898	0.0	0.0	0.0	0.0	7.105263157894736	0.0	0.0	0.0	0.0	0.0	0.0	0.0	0.0	0.0	5.068885365021378	0.0	0.0	0.0	0.0	0.0	0.0	0.0	0.0	0.0	0.0	122.33842381416932	0.0	0.0	0.0	0.0
DAPLYSINESYN-PWY	9963.307266902884	3605.9927225342017	4669.812283738033	5246.029384734052	6048.041277120631	18552.06088873247	19959.516272471003	10824.839746580323	11082.437131669327	16248.599086237562	6231.940176048357	21111.765807283722	12237.3737481155	16879.40510454574	11112.361583169426	5750.192756399557	5132.446199690845	10990.03752184176	6663.373224904102	8773.490458881846	4995.818460521784	7329.190508719529	6911.074726941479	5545.664547312994	8038.257638687183	7840.5129354042265	2774.231111363022	8506.626010592467	7270.780380622862	7468.25989407724	6844.156212442016	4510.487894565359	4309.022814163644
DARABCATK12-PWY	886.5735477809881	285.5170589640851	566.2774387411768	751.9468378605679	690.5594582259547	1240.4029969356563	2249.948897686343	944.5087763028121	1152.949123119929	3480.5808491231674	1100.9015227880411	4686.772138630839	3208.1249702120695	2717.249939386829	3273.6921181625103	657.3252098894465	631.1724796206545	1703.2276474168966	972.0954585188402	501.4716006146684	353.79241569179277	474.20226326391537	549.2421390962975	389.66509882421394	638.5294300713956	636.8278617378461	78.97697018638112	255.18047574060117	708.2837304203696	556.1954393997146	344.5104194536891	255.13142654350594	509.7905902275274
DENITRIFICATION-PWY	3187.459358657901	381.9535353962328	1852.2498328004763	1549.5091599827201	1894.2550098329118	8481.708685263047	15385.967137994681	3583.5504528206625	8357.182461691471	12503.18525106175	4277.239588624729	16705.290176678107	7286.629403398796	11236.221943578947	9299.170345570044	3273.284384265106	2405.678227700174	6766.595854975147	3009.341794099873	4228.605007806038	1923.2450844130085	1873.082564090487	3446.877735581823	3133.095313134284	2369.3207946890107	4981.815749031423	1987.9864291212293	4994.7206610451885	3317.552477470253	1530.1777554391167	3984.9385516489187	2750.1169181499677	1854.845419981285
DENOVOPURINE2-PWY	11133.010956176508	11067.542213143002	5466.837773253389	5281.517995793896	7348.267016260413	16504.79562031355	19811.823479999253	10917.046212656942	11322.499120027376	16517.479711180888	6912.103565218403	21960.407721044987	12108.438679715338	17028.553385464034	11555.652724333368	5840.811965992638	5394.500608552357	11015.109000573322	7069.030591284095	8893.181556065767	5612.817841592556	8998.54695930084	7454.549546524449	5769.901601562954	12428.323138245074	7921.853410292829	2750.825659169157	8616.614006303203	7415.681776319378	12008.617198065553	7062.478176270532	4684.902983769303	4488.003843046362
DHGLUCONATE-PYR-CAT-PWY	69.43377167775078	0.0	2.2492322456813816	4.540310314789038	0.0	0.0	0.0	0.0	0.0	0.0	0.0	0.0	0.0	0.0	0.0	0.0	0.0	7.941730363307525	0.0	49.69085226627196	5.450842924031574	19.01040630954869	8.106421287459236	5.103625484292306	6.666666666666668	21.97301538399719	0.0	20.748275729202792	228.274890408103	16.436805001196245	7.957105459350788	15.044155782004708	8.48459276141665
DTDPRHAMSYN-PWY	5088.645730259601	1461.9724020146966	2862.079104031109	3185.0441543588863	4630.125252964304	18756.30015590897	19141.547336823103	10866.814746436132	9856.042225908714	17370.24601094288	7866.662748628134	20892.730352141156	11653.051579649551	16282.999435876769	11364.196338134521	4196.720832316972	5400.847338017901	11330.83727730041	7187.986950613955	6130.502370452564	3774.091989763999	3327.2781665090256	4857.9732619072865	4237.026530864048	3901.5360196284637	6996.608952047496	2143.2412239530317	5601.907157995209	5812.967801623341	2418.2013215870556	4715.797742406974	3907.996314599774	2934.035197023076
ECASYN-PWY	28.770568386628803	0.0	2.9499116059891883	1.4320013065092148	0.0	0.0	47.5307565064251	0.0	0.0	0.0	0.0	0.0	0.0	0.0	0.0	0.0	0.0	61.20111548224728	0.0	18.73203193833479	31.323488470359447	10.80352695684324	9.154036887929935	5.844193632328361	0.0	17.12609025155847	0.0	10.466543025089582	55.67070297384742	15.751473624175345	113.21896701617223	15.050921274925987	9.19693959017983
FAO-PWY	997.8972281756794	0.0	35.47151201295177	48.59266883471752	20.161721331729453	0.0	68.05610028267513	70.42362520359241	7.074969679691917	46.317831416656134	1.9711623537700536	0.0	2.3998715701882296	55.48534702711522	0.0	16.161785930022074	0.0	376.8308028556764	0.0	272.3273227162849	258.46376641367806	114.51820884355386	113.86188487976553	82.26983398908082	44.055801774765726	250.81578028582487	30.806236080178174	265.0855084151007	1505.4357204970481	147.02008021915282	286.44724929763066	209.77419411356402	86.79699556706736
FERMENTATION-PWY	8981.601979955369	2505.4639561752247	4515.398477640347	4473.051642029821	5822.461878761617	17063.94451141035	22201.725524736674	9770.985141457375	13127.463914089232	17884.63707121358	6003.333301918825	24174.13353263247	12124.973278107742	18204.35851119241	12893.49136076214	5637.068137902661	4358.769455873574	10988.934226715932	6419.968888422143	8516.256325160924	4693.692849154949	6039.216921553115	7231.573124110596	5966.0235136363945	6565.250746950144	8671.043406577724	3062.6840085223384	8760.305270760115	7481.7517363164025	4831.041172332271	6988.8783662352025	5074.188453498303	4046.624678635295
FOLSYN-PWY	11157.822141589953	11490.8876369466	5521.193552023714	5330.056977015497	7117.904077878591	18840.84103908662	19112.98828977232	11008.254624015504	11004.321371475595	15596.963909664615	6097.9481749316	19711.028257197053	11426.666383210752	16219.90523482747	10181.64837694027	5710.189944261969	5104.037406818619	10848.179341946998	6165.714922133338	9183.340811982534	5767.710852608169	9185.30496967421	7450.987572375505	5725.3736140174615	12641.997035326947	7827.192669862074	2734.1677097234424	8606.545389288509	7471.0357318457645	12300.712734530804	7044.243223403885	4749.374687153609	4528.043987818093
FUC-RHAMCAT-PWY	363.8954473935375	171.13132352882948	176.12639850490146	401.92128047487864	166.45955462769547	0.0	310.1155977635928	0.0	0.0	106.5785267782603	268.1237809436239	1137.1925704959613	1903.3869844171666	342.39394890608	328.963605024902	0.0	103.09073883598786	137.12518630162106	508.07133377666395	71.53014341775767	80.93614715592906	83.48093805667979	40.27091521932342	90.44277791943749	209.0575098216236	155.32861366161683	6.742555598778366	103.0939215286145	379.31859760756424	30.26080284909465	174.2218007653334	227.78147008917549	71.81964261662205
FUCCAT-PWY	727.3533327489047	278.2913003259671	523.0449135643711	776.4015584191103	1036.1791461238736	927.6128485856436	1762.6412284228265	773.4960707233462	898.4878989483055	2883.0803475969933	2739.4867069413012	3901.176340036357	3152.063703677386	2243.7626357165254	2830.1400307004665	518.1048355578715	605.1153079945406	1405.89058148149	2746.72764033279	411.3624392436772	288.8896394991025	384.41764472605433	471.9548923273295	308.69561695042944	564.1848387038257	482.1101340178193	56.33072516103845	188.04409419609883	513.435875763318	515.1171261221398	246.70477016377407	197.96301078049294	415.7356199398158
GALACTARDEG-PWY	381.7818348105976	35.12064826103896	129.96731141712849	142.53291660102295	24.437965795258393	0.0	0.0	21.871489911868974	0.0	123.16146317987423	5.189068843333835	15.589956069286503	307.09349080336455	0.0	0.0	33.79585465127487	0.0	119.35127468771233	0.0	247.16151391835146	68.93614519086361	112.89940970846867	32.442568617544424	44.02401844643773	11.93175550267457	173.10752691179755	0.0	82.95970638160186	608.2836206591137	38.018624755430935	161.15773548770184	264.7721538608821	29.187231853971376
GALACTITOLCAT-PWY	3969.8694060401017	336.3023121755736	304.1117333025848	287.8467089277915	315.71419301710785	263.3898940956536	478.15688750773853	220.8554265380014	1672.4482536885575	855.9552267825361	498.61820110844997	919.0396641683363	171.57230698447387	2037.1986149915072	186.09389200610545	362.7542181039401	699.7215950813355	579.6562908429553	131.15361299095537	913.4043967753903	475.95256323067247	1016.7678066110166	212.83400154916558	330.05497866743184	397.15421139126437	612.4473931263907	21.408773645345114	432.1456038298982	652.1983425045928	2350.024957742405	191.54374853618688	181.3670317844231	308.8250851119496
GALLATE-DEGRADATION-I-PWY	41.122960625111354	0.0	2.5849632352941176	0.0	0.0	0.0	0.0	0.0	0.0	0.0	0.0	0.0	0.0	0.0	0.0	8.842105263157896	0.0	3.214443788728239	0.0	10.020390424585482	2.38	8.708785046728972	5.119864864864865	2.75	0.0	9.69832354829775	0.0	7.619047619047619	55.903092705454824	9.006756756756756	25.133783247320366	6.545454545454545	4.38
GALLATE-DEGRADATION-II-PWY	69.35059745034569	0.0	4.861607605877268	0.0	0.0	0.0	0.0	6.857142857142858	0.0	0.0	0.0	0.0	0.0	0.0	0.0	0.0	0.0	5.943936707134088	0.0	18.751836792624903	2.7199999999999998	15.151869918699187	5.995964391691395	3.142857142857143	0.0	17.05709843224032	0.0	12.307692307692307	76.06662791088732	11.641921397379912	8.064791265253694	11.076923076923075	5.005714285714285
GLCMANNANAUT-PWY	6974.648133238424	9713.153314025856	2471.986611167833	2204.1299992307536	4125.989593613828	8655.277550513974	6047.498075776492	4773.651887095992	2193.390783470581	5642.609633467294	3822.478950884585	6869.195302816188	6636.859945272565	5715.7506714061155	3755.4378675517346	2594.7805116991435	2057.0038795981172	4552.867023805239	5103.451911006822	3769.0280985921513	2421.9718789772464	6044.708264176328	3024.062856419913	1818.4501580887286	9729.575845937066	1854.2973075714015	584.796898011129	2687.1483532089815	2261.508389752547	9502.131985942451	2206.511890637468	945.8844765988837	2035.6581183750234
GLUCARDEG-PWY	277.7008283458328	0.0	36.422116392540936	0.0	0.0	0.0	0.0	43.48894490815287	0.0	0.0	0.0	0.0	307.09349080336455	0.0	0.0	0.0	0.0	71.51706783274818	0.0	35.90514401143216	42.646943182349176	20.068685746036106	17.11736886479346	10.964618986895427	23.728565668988008	33.70544333934325	0.0	19.940464677267148	578.0224621995185	32.201076276607644	52.97396160871542	31.983264773332763	17.402247017281326
GLUCARGALACTSUPER-PWY	381.7818348105976	35.12064826103896	129.96731141712849	142.53291660102295	24.437965795258393	0.0	0.0	21.871489911868974	0.0	123.16146317987423	5.189068843333835	15.589956069286503	307.09349080336455	0.0	0.0	33.79585465127487	0.0	119.35127468771233	0.0	247.16151391835146	68.93614519086361	112.89940970846867	32.442568617544424	44.02401844643773	11.93175550267457	173.10752691179755	0.0	82.95970638160186	608.2836206591137	38.018624755430935	161.15773548770184	264.7721538608821	29.187231853971376
GLUCONEO-PWY	7968.228151480039	4203.68494678562	4929.842387292221	5582.057452113664	6298.654457745113	7881.626827567297	8526.602893594138	3419.772181024568	7398.738163558417	7707.806769838466	3000.860976176695	10758.027147965746	6078.708754465585	8462.138231408304	4514.125768458451	4059.6141645953585	2843.944363416995	6032.613966917573	4062.657059650578	7653.432206257809	4746.016421982178	5478.337009964203	6277.660244774805	4971.514642838729	5692.638518610298	6791.775232310905	2480.0933718699675	7011.4034320510345	6812.628952126222	5659.957196238384	5937.189933918946	4344.916877201184	3718.8256002900994
GLUCOSE1PMETAB-PWY	11737.89	10862.13	6038.36	6539.51	8213.74	18537.23	21587.19	12072.3	11316.52	17923.56	8802.96	25041.2	16937.1	18706.28	13420.450000000003	5933.04	5480.16	12011.11	9219.63	9081.73	5910.56	8746.31	7777.640000000001	5770.8	12121.85	7860.66	2537.33	8310.460000000001	8288.599999999999	11824.74	6953.619999999999	4805.0	4650.91
GLUDEG-I-PWY	985.0133600591881	211.52072876029462	166.90025193482472	306.7140295157907	250.3157307043618	530.8534701963839	347.0358371688674	374.5355943271802	37.48001054416429	1110.6501437289671	159.9140744394608	253.56221598595346	860.3922523147492	378.6383097886473	110.4165946119416	202.29162535754756	560.8753501591228	704.0415061643425	158.33932979439288	304.5698107678655	261.1548318522224	224.54839327566546	145.19089504124221	199.1281080298033	521.0169718406281	431.01122938489357	11.771855895034042	209.16777009844284	725.5416598198499	212.70120534146747	113.09809931734307	297.2916486891715	203.66784988989218
GLUTORN-PWY	5392.424373462786	852.2800789115154	2984.0500759033434	2756.477191246034	3148.4471302305155	16745.853050649494	18484.987810971706	9314.369471143908	10333.65498695247	14669.361443365022	5970.560390632562	20171.64142951138	9832.288635781135	14892.913128042243	10778.45457831746	3826.587307217429	4386.1555198534725	9484.292750694896	5416.418579210972	5551.792703496125	3165.9462430657654	2821.5513615095215	4717.745160782456	3994.40311706829	2714.860942180439	6661.635619214849	2205.000328595087	5942.318807362957	5584.776817609136	1995.3889514940415	4909.162578393539	3845.088041762861	2447.060950077531
GLYCOCAT-PWY	4221.591474916052	799.8114468471559	1150.1881380061982	1470.7167547282552	1551.7248708341024	4184.403445388038	5655.809191611589	3947.633416015669	834.5597741947208	6253.70523253561	4806.748782959401	9306.536111045742	7936.55124184299	7703.131230462233	5294.628110967643	1793.8239041549552	1980.9937661529088	5219.132562630736	4613.174295091997	1916.7374716232198	1071.1598814487927	951.8958017650787	759.9047865179215	712.70210173832	2119.372532204762	1918.168832292704	144.67287837001516	949.2740834009302	2932.34229226921	2198.3412674034535	829.7250910732197	1321.244822216629	1024.906883695052
GLYCOGENSYNTH-PWY	10909.012630797477	12011.519144115213	4561.645655815937	4519.068646259966	6681.058896388091	17316.590150329328	12366.18068972745	9855.80266749207	6154.327864460375	11518.447025843083	6352.233489870916	13071.441048067682	10817.943387561132	12600.65329974412	6963.8537003157	5250.989721076033	4470.2997324332255	8858.078263908443	6900.108922040418	8048.8679935985	4893.9789109100875	9184.069980172302	6400.393580571398	4336.801089318237	12608.851954794272	5107.436785922586	1473.1473009699243	6447.38098828513	5812.472915569213	12663.306547505337	5361.8568330215885	2891.070044733484	4280.335553233265
GLYCOL-GLYOXDEG-PWY	722.3377387166557	28.297799520769896	79.13446151847502	75.87360184699327	250.0631317476501	954.9586480487827	258.35015221297687	75.88171035251035	132.35811922789244	1303.5149992699605	68.62124327519675	180.94641380896954	223.34267124555217	811.0943811210557	288.2059942208669	457.4560902023123	478.2328872902647	664.0535761604843	229.8769925887972	362.67121745963783	197.13424917908745	140.74026351840422	126.456749032761	128.2028071318804	423.83695494562323	320.2549283977399	112.11921085989175	304.0636874894446	1101.505565940759	123.6708410616847	374.742864730011	197.5282640055567	90.61744627113328
GLYCOLYSIS	10125.131215626503	6888.967077124271	5312.356404752945	5961.152133074839	7037.68642874334	18524.839578104697	19390.00725881654	10324.675905028667	9635.61816797788	16670.76926533919	6255.014586869486	21318.641254437294	12482.905253827292	16964.800864830173	11226.197279966533	5396.842331205925	5129.023130091428	11224.978423094384	6700.5031302828	8463.163211657724	5621.801814777098	7610.317523088926	7153.632858592295	5508.97903073682	9147.650242780022	7499.784373837165	2600.781938720394	7680.803395650959	7394.4441899342	9438.105326712846	6464.913639237243	4614.17275030813	4384.885710467893
GLYCOLYSIS-E-D	6087.920722805562	1380.5169359871722	2690.122415145925	2549.6207040057884	2243.7456460605417	9634.725945861015	10728.87368389532	3770.132427351517	7545.06241390935	9466.999856799099	2762.5299469435777	13197.93033661262	6365.63657933987	10251.909109815757	5845.316894176734	4355.395993905907	2509.7624391739914	7079.22641814878	2679.5553047122353	7148.954621492677	3840.837963724906	4920.05369632402	5743.585264885697	4692.137120868043	3551.4668923209033	6625.373586183049	1944.3284539757954	6704.7029873622405	5816.64431245107	4841.865694255259	5657.046407626373	3893.581752171672	3436.1269783324806
GLYOXYLATE-BYPASS	770.8452272177828	19.768736944621686	54.48713505293985	52.25016549952296	195.3354302671959	1412.2247665941823	178.9148701073052	52.28176691417878	90.76227276537549	1015.534198808856	47.163048060942366	122.17287561288062	154.30584828251952	610.5956064612594	198.87881848397353	414.24578023860846	486.6502730246756	509.0888383209494	172.97218420023466	277.68195817784675	131.61995835274257	103.33545724112811	87.42149492627485	91.66712703611135	393.81201604412234	255.5789296059936	140.68763315135038	363.80368944647296	1114.6116843632067	86.09217451105776	320.055097625162	144.59186684047796	63.77620633597396
GOLPDLCAT-PWY	23.803529567514083	0.0	8.25798672128446	0.0	11.953181093842794	0.0	46.88980183550343	11.858808250385318	10.322119158371018	0.0	17.912854397099863	13.952824890479597	0.0	0.0	0.0	0.0	3.9696189195966984	10.404040166999492	0.0	37.95711819611362	14.165200458206382	30.305114248833476	26.03024197491511	16.241258393418715	0.0	37.047786418912324	0.0	29.060294929349855	42.34437521389345	45.78210045007748	14.147253781859991	23.461071087823495	25.802431641499872
HCAMHPDEG-PWY	50.39747004168852	0.0	1.6559999999999997	0.0	0.0	0.0	0.0	0.0	0.0	0.0	0.0	0.0	0.0	0.0	0.0	0.0	0.0	3.3946794664849165	0.0	9.2381645363962	3.5163056117290195	10.804588100686502	6.326625507442489	3.889114160948222	0.0	9.653640227352955	0.0	6.948529411764706	36.874546243893256	10.870509170086256	3.5139390340459227	7.15087603641305	5.985584890333062
HEME-BIOSYNTHESIS-II	3170.9457454717735	539.882989199943	2382.2444439674264	2353.9746763578246	2741.2545170434273	10861.92993982026	13806.538637576785	7515.0778317984095	9115.365204608937	10933.865583559109	5133.405635859996	14376.175243805952	8393.721094505208	10425.38493786334	8059.475026588284	3196.998033209841	3441.4799809860056	5818.367626586124	4327.6216304088275	5116.131044690503	2277.058875782269	2447.0676970376753	3898.8212737438084	3638.0218966466623	1940.4238364175615	5605.406736536914	2135.4177108713184	5630.622301754129	4262.713153131245	1875.1215061480232	4201.645442529108	3042.1423597757052	2180.016379734419
HEME-BIOSYNTHESIS-II-1	3170.9457454717735	442.4456814241552	1340.5722339502677	1177.3221118790914	1098.5862542710863	10861.92993982026	13806.538637576785	1902.4299932550882	9115.365204608937	10933.865583559109	3886.3103343441267	14376.175243805952	5583.011715707794	10425.38493786334	8059.475026588284	3196.998033209841	1263.813184698549	5369.017629783987	4091.654553873733	5116.131044690503	2277.058875782269	2447.0676970376753	3898.8212737438084	3638.0218966466623	1686.7784606547007	5605.406736536914	2135.4177108713184	5630.622301754129	4262.713153131245	1875.1215061480232	4201.645442529108	3042.1423597757052	2180.016379734419
HEMESYN2-PWY	825.0910199369551	231.6116728615776	641.3622960340261	672.4094791968366	893.5419153408661	1571.4669925503943	3401.908817893623	1344.6433481248419	9.335793305714885	4510.977878789953	3886.3103343441267	7074.430320298233	5583.011715707794	3518.0937042757605	4607.203267430872	735.0157998769819	961.9180237803679	2297.0324126972473	4091.654553873733	330.68696181190023	151.15604094736526	196.542646692855	649.6380625579868	147.74644382213106	819.780565474886	626.2366504915204	321.2007605646	321.9695990948542	487.0379001526527	203.3473123526215	271.0973126781805	155.5599890748365	170.81302626100876
HEXITOLDEGSUPER-PWY	1566.7311519677694	430.58310556944195	448.5579228681019	667.742622257209	569.7505277774784	324.86289139218786	316.8022211527857	519.8841426957651	0.0	68.51315254253302	497.2825227392624	1065.2133547559322	509.42601498547793	1620.1706055669579	383.9153245430219	24.454572831013035	556.8242240061692	667.6391822248322	333.0077344286293	516.6428527420301	631.89585592377	610.0701073885433	354.0475725597095	428.6580990316636	621.1821963225516	855.4609553822804	8.612023408202221	377.9726025786618	997.346984110137	726.0595768037168	413.4355947912015	381.11807738186184	240.85826775365484
HISDEG-PWY	2506.0384606816197	445.89649585108765	562.6088221590808	374.925573308967	1062.741023852699	7320.4388118216775	2063.1929273939472	4700.289883567091	778.3533031240277	1954.4305449695123	2000.6598950984132	1241.8680622282086	1584.5849483204136	2988.4979871535943	550.5815703528984	535.8805970149253	1841.86696534454	2578.9050338073225	1458.2047290572932	963.714632719611	542.1784921053298	385.4039432318752	303.25349714670506	242.75117013496217	759.8903171894157	745.4076165021191	57.25504032258064	421.7895007449487	1135.2255453038385	333.0779378565836	187.67910063608232	323.5798754626352	449.488903873475
HISTSYN-PWY	5701.553605463985	889.8991120346919	2407.5311334494895	3262.982836894022	3445.6108956431076	14023.951259772208	15102.464757732605	10548.366597812068	3940.6969670779367	12713.875717763465	6530.9456034317045	17796.22577865853	10742.657720250672	13811.92316268634	9190.737591151887	3020.852395263493	4914.993351332631	9647.623741239473	5960.977426097167	3382.2857415513386	2882.4538865543805	2135.6858941674577	2612.6226742083536	2274.6656119598542	3007.790829409944	4394.9889658326665	717.3285944201092	2502.1094398424666	4470.2274394912365	1441.4975583388102	2820.7968376699587	2498.023873478795	1919.1024764104716
HOMOSER-METSYN-PWY	4917.698724182694	2336.434088064174	3194.639139654417	3360.305452294459	3868.541875553636	3683.111194852974	4987.4173482724755	3276.682096318236	2586.0996599797127	3069.453173757478	1792.9183468020676	4268.998255829802	2706.7911233680347	5043.960075933268	1100.6578553595946	1224.0653101299308	1657.65024683222	3574.723986396763	1410.5936760211678	2538.7422170491423	3212.624122166137	3072.9171123973265	3459.9720256528362	1694.9945334259965	2773.5712446176526	2255.794121065887	545.4554208168827	1628.6406086212958	3895.9557895341936	2708.44547313033	2642.0318749691464	2023.7837920144143	1630.9043515187773
HSERMETANA-PWY	6647.247518271978	1870.1874944893693	3166.748045779561	3753.9345075672577	3854.1986575482892	11316.054202717503	16346.327804555174	6877.550554748655	8712.979755534578	11308.89563955074	4783.241477672787	12728.455361601227	8227.73472165361	10193.110587453579	6700.46708435638	3906.9892323312024	3367.142221850339	7556.428936962762	5128.893139785841	6461.977568513419	3217.644038529784	4421.942679072442	5196.655419420834	4467.6381357855225	5002.424552845074	5813.564382004165	2158.0968564035816	6836.203119202661	5511.266485943321	3622.45597360618	5377.887576561001	3492.91918303499	2997.9218860908886
ILEUSYN-PWY	11819.110204183662	11887.859138946365	6398.652480136927	6126.564733763539	8631.872629039362	19483.079220576667	20845.940439684175	10936.494714439099	11986.6565206444	17194.838085041647	6678.153731663702	22508.40321875782	12702.118428250495	17521.47223933753	11832.761423947752	6147.531430515071	5435.476725272504	11350.251095789294	7065.884019277357	9877.262942622048	6336.861289541333	9651.466424193495	8225.084365674376	6345.095479142769	13358.897190658803	8650.693965343673	3033.844447099217	9249.964867841078	8484.989281755723	12818.636635764045	7698.491562061728	5147.947085960878	5031.053123991277
KDO-NAGLIPASYN-PWY	1023.0329273072831	190.61511514935788	10.996832670161224	171.307862843635	321.1570998636579	522.840534581583	218.39099539767204	0.0	0.0	0.0	0.0	155.79806567790212	107.35844947845439	0.0	0.0	21.191103948130454	271.207937378764	487.76315312460594	175.43146287731886	494.4968307725349	122.42810552218076	108.00094155446543	34.591938459664036	21.8556413466531	347.81411168276475	217.85745908496995	767.7565721586503	422.13907304536144	457.7675163050144	306.27549697634123	523.9863468992896	149.18540829169518	259.218186255682
KETOGLUCONMET-PWY	421.72270660541346	0.0	39.33873150033364	22.38547980531745	0.0	0.0	55.500983393694824	31.942201295278004	2.986558512925098	60.84737631184408	1.9993400385417492	13.974951052311404	0.0	1.6597273837106918	0.0	23.393684210526317	0.0	255.9750872058643	0.0	209.40641722548696	151.7993508330975	73.69270114249741	72.86713185876216	40.53969947790654	35.395894318796266	168.68452363773253	0.0	66.74687367264738	265.7719384825798	88.83763486878911	114.49465170884424	112.7667414458033	58.869192731537524
LACTOSECAT-PWY	6422.905745572298	10725.121456813857	2019.4833600309564	1392.6929830947518	3226.7971843895925	10361.17016343325	3128.5692148161847	2606.824123708892	1592.4401734895239	3345.546377012044	1162.502370769191	1715.3860160271636	1794.4696765858728	3098.761019740017	1053.935282221958	2506.1280818332557	834.3949269854535	2487.0353468583176	2527.666592510252	3948.131108811264	2404.6633896212884	6279.964930590918	2501.728109558752	1679.1341662038951	10276.14226908352	1616.9264742242233	449.56228430612776	2773.948264302752	1634.7030663810854	10354.080135185814	2087.524991432785	867.2556988621053	1933.6839601318266
LIPA-CORESYN-PWY	0.0	0.0	0.0	0.0	0.0	0.0	0.0	0.0	0.0	0.0	0.0	0.0	0.0	0.0	0.0	0.0	0.0	13.38285714285714	0.0	0.9828571428571429	9.794285714285714	0.0	0.0	0.0	0.0	0.0	0.0	0.0	0.0	0.0	12.57142857142857	0.9828571428571429	0.0
LIPASYN-PWY	2846.8900000000003	406.58	0.0	1084.85	0.0	0.0	11073.92	1164.5	8178.08	0.0	818.75	0.0	0.0	0.0	6197.17	0.0	0.0	3514.95	0.0	4177.68	1725.53	1850.2	3074.6300000000006	3160.5	0.0	4824.57	0.0	5156.76	3589.52	1368.5000000000002	3906.3	2631.33	1894.31
LPSSYN-PWY	0.0	0.0	0.0	0.0	0.0	0.0	0.0	0.0	0.0	0.0	0.0	0.0	0.0	0.0	0.0	0.0	0.0	56.582682049040365	0.0	4.402500243395616	37.67771808713786	0.0	0.0	0.0	0.0	0.0	0.0	0.0	0.0	0.0	53.64282964161812	4.362069248735209	0.0
M-CRESOL-DEGRADATION-PWY	0.0	0.0	0.0	0.0	0.0	0.0	0.0	0.0	0.0	0.0	0.0	0.0	0.0	0.0	0.0	0.0	0.0	4.379011274934952	0.0	0.0	0.0	0.0	0.0	0.0	0.0	0.0	0.0	0.0	82.62294783453187	0.0	0.0	0.0	0.0
MET-SAM-PWY	5997.5266319028415	2918.3471430856134	3784.5230284287754	4266.376115863391	4542.735653000311	4682.191799703424	6913.5308528418	4924.857528290464	3418.4237904394613	4158.544838269121	2627.4856955752316	6297.100058264896	4246.290934626004	6899.33703224133	1559.1596050182836	1569.1060029377365	2509.9761089967137	5007.6855651946125	1837.2368453737845	3195.1706871769934	3824.889380348978	3734.9507547909047	4230.376276660141	2155.8195897452306	3458.3763245179503	2973.918830049178	737.9206434364631	2115.676193711796	4901.811143488565	3376.5957157183557	3340.2612501368576	2600.550024490593	2016.9070058949806
METH-ACETATE-PWY	54.727862458251046	0.0	0.0	0.0	0.0	0.0	0.0	0.0	0.0	0.0	0.0	0.0	0.0	0.0	0.0	0.0	0.0	0.0	0.0	0.0	0.0	0.0	0.0	0.0	0.0	0.0	0.0	0.0	66.67527644747501	0.0	0.0	0.0	0.0
METHANOGENESIS-PWY	129.49816466224655	0.0	0.0	0.0	0.0	0.0	0.0	0.0	0.0	0.0	0.0	0.0	0.0	0.0	0.0	0.0	0.0	0.0	0.0	0.0	0.0	0.0	0.0	0.0	0.0	0.0	0.0	0.0	0.0	0.0	0.0	0.0	0.0
METHGLYUT-PWY	2795.026045393579	465.0197930103735	1165.4967421695537	1015.7621743243461	883.3940189493828	9735.215865894657	13260.52860315137	2046.28863615953	9032.89751935412	10124.038254076666	1076.0263411050203	13477.682258754172	3617.6281237488115	9936.636931231104	7388.567933934478	3034.8777351028675	1207.5788667632823	5135.2654613755685	991.1372708213119	5117.754282721504	2114.7387830757502	2460.1098812150112	3764.4327881348763	3548.505696168448	1619.6684108419822	5358.999526091127	2089.2938861614234	5746.221844207147	3762.750647331437	2068.841050177584	4271.162704553141	2928.114245694545	2160.587616115977
METHYLGALLATE-DEGRADATION-PWY	24.619703494983657	0.0	0.0	0.0	0.0	0.0	0.0	0.0	0.0	0.0	0.0	0.0	0.0	0.0	0.0	0.0	0.0	0.0	0.0	8.15245167112024	0.0	0.0	0.0	0.0	0.0	0.0	0.0	0.0	31.061180187151106	5.092969943963322	5.220199431233805	0.0	0.0
METSYN-PWY	6474.302876968181	3512.4693724784156	3931.0811342960747	4151.127768176859	4886.058577419769	5563.041709010727	7319.495910953671	4683.393130495263	3854.669383867133	4703.517027229579	2620.6737570200225	6495.034831134573	4072.1389101457185	7195.978730338303	1793.866828897641	1841.8522643546194	2354.5662466370304	5029.848932555193	2144.846789034254	3657.392442852637	3947.789740093226	4258.948708107955	4486.26573595814	2422.2700343580755	4136.58477612161	3242.136741870966	828.963811783852	2486.871054178409	4959.535166674149	4032.7751089935064	3599.092137362383	2678.0353732799485	2244.523007440557
NAD-BIOSYNTHESIS-II	371.55828094700496	48.68016764858229	2.298601116126726	37.13712679438343	98.31950198027536	123.2022719427068	49.1003023009219	0.0	7.300389917242736	0.0	0.0	33.285512042259604	20.446717938975684	87.56542911509902	5.2477339779794265	5.029220676924793	11.423846690865876	101.00260911967868	34.68833609878765	112.3704491095039	34.73213340393177	48.26929373420588	14.749358049994656	39.87817385388214	87.47957371601736	70.9629715652097	231.07219616074084	333.6884480839562	383.52443245029826	71.44162415195544	125.27081803533915	35.179717140032416	61.618407386488606
NADSYN-PWY	244.63888306873977	0.0	0.0	12.654158699451488	0.0	0.0	21.45670700808903	24.153385411592453	2.998884882684069	0.0	2.642051992493186	0.0	0.0	0.0	0.0	0.0	0.0	13.421837241699619	0.0	0.0	0.0	10.238937797445706	12.557300781634016	0.0	0.0	0.0	0.0	0.0	276.70102083929197	0.0	0.0	12.115648150522508	28.41353152126915
NAGLIPASYN-PWY	3759.1990922091427	809.1819558511651	2718.6387277644526	3538.190601578352	2608.4991638033925	8115.506392932401	11653.646211875768	1262.855616500828	8852.856173403126	8485.59	1271.5089342388212	12031.116878034018	2479.937885827022	8424.347244858036	6389.036233794465	2555.96	1085.175585859923	3913.2734287248827	961.1230783215266	4794.012803878292	3036.4177866263435	2376.508813823539	4062.2960908278947	3667.5514178826297	1489.3936303653525	5384.113546163432	2182.42	5584.577042995538	4704.982774482249	1977.3605233077483	4518.739573072112	3627.437335135466	2237.8203998025524
NONMEVIPP-PWY	5508.393344842688	1750.2865674255713	3770.492355956694	5027.971015724398	4462.2805275432465	10089.166178305584	16442.705979379203	8098.799758962012	9362.015908808082	13233.89891066556	5489.124371137782	19044.336566740723	10071.759642236957	13538.274384273624	9936.89536654851	3544.2254934605326	4393.677028983591	8511.07519288373	4621.081430760303	5611.069132636783	3832.415490887424	3601.668516336801	5458.928451681268	4343.396938334296	3298.85187355478	6520.880524227204	2310.6080187858124	6124.356348614949	6288.982631480862	2719.246734487533	5345.1311540592915	4155.1829159227145	2992.071961230296
NONOXIPENT-PWY	11550.74854834486	11270.293673538377	6611.03540297785	7409.824597941889	8192.454462483218	18234.585002426484	20652.191090134023	9823.238387065621	12766.017442164342	16918.824098631503	6661.582199287306	22420.09392327154	11901.050236043555	16839.588314571803	11732.232794162075	5911.670512066387	4912.2776841366995	10922.653764138287	6717.833647550275	9649.843262765397	6720.036629456898	9460.193537219175	8484.29109590188	6428.068853632159	12033.707248087432	8578.652362247178	2964.155338641813	9373.747899434511	8873.702552916766	12360.307184133268	7957.8948555384195	5688.134151397459	5058.253290655032
OANTIGEN-PWY	6989.150798086926	3019.57184155055	3890.5250899780526	4032.6247148648713	5612.07128654271	18098.35964848867	18968.064683890007	9951.835811213878	10773.468971011906	16097.729718118662	6402.669277054974	20475.029577874597	10961.41546488589	15965.977636198284	11014.72656620763	4725.917693652811	4956.190416742674	10535.055591606355	6333.251146781395	7303.980919557991	4513.59439393509	5145.611081089573	5883.804648543532	4897.414182408157	6417.033013650341	7434.4269557679	2427.367416422564	6849.608619952722	6462.257983756589	4584.587202486432	5708.776832101457	4282.730184833956	3550.9180306185663
ORNARGDEG-PWY	54.2918667465365	0.0	4.761320528093565	2.7664691237857193	0.0	0.0	0.0	0.0	0.0	0.0	0.0	0.0	0.0	0.0	0.0	0.0	0.0	34.774770771500236	0.0	47.38236861012467	24.973731454776093	24.657763540459502	25.00485994975249	16.2534440773535	0.0	49.486500731247716	0.0	27.957611823160043	183.36817719670682	42.479485181191386	24.064846467576455	40.40138860062468	23.251993061095035
ORNDEG-PWY	168.85568010406038	0.0	5.312357407321707	3.4197772717586696	0.0	0.0	0.0	0.0	0.0	0.0	0.0	0.0	0.0	0.0	0.0	0.0	0.0	145.19677130044843	0.0	91.92945306400557	147.03217986544658	26.512767390162384	60.39264988423074	39.32578559626786	0.0	115.78915092818316	0.0	52.39309742849612	443.94709733174886	89.70783789676977	94.14768423059438	102.4516069151566	35.64176541325889
P101-PWY	328.0183328412372	0.0	0.0	0.0	36.261930966540454	0.0	0.0	12.347791172424593	0.0	0.0	0.0	0.0	0.0	0.0	0.0	0.0	0.0	0.0	0.0	0.0	0.0	0.0	0.0	0.0	0.0	0.0	0.0	0.0	200.42837819914197	0.0	0.0	0.0	0.0
P105-PWY	2500.415221482159	287.5715949699866	1148.4591213994354	941.7096270531118	1626.2686545930646	3155.7454460405047	9795.467299557944	8953.933957660014	705.9634668375794	8800.539235062692	5105.086395232151	13278.016665216299	10400.020881897774	9551.381261089751	6853.7139591224695	1815.7812610453284	4321.950816329224	7323.863209497997	3684.8261974395905	759.1657161889585	328.75501410851757	1039.6431447672148	1495.5646376477123	679.9415655043531	2061.154131859186	1761.7595160631527	53.82184620748044	372.4135365575037	1352.014512102973	349.81976588601583	551.179838299792	258.604444315005	370.38723958328796
P108-PWY	3678.6756393597348	54.908089718777596	333.744757461127	376.8295030821392	333.02217657828584	414.598692656273	12770.488853039697	15394.153894949286	1418.9756220474455	2869.2801177423894	5846.042807571225	11405.106033894199	14703.071602030504	13456.470278295843	1405.2596627317637	1323.0443645625774	7539.356228508353	10534.460448821008	1887.903588877933	632.0793381551405	185.65508986934532	215.75603577112037	377.786387201127	163.824895632598	1898.2348186108209	1667.3014701761033	17.95435757898884	99.45368943644868	651.3209355828998	61.36516711271025	129.81309379024609	325.2344152222321	146.10176134088684
P125-PWY	3651.0188835483004	548.9559722127557	1464.4169627479553	1028.7214661894832	1770.5970604896893	16120.227263116802	14301.751978792829	3922.804433805985	9808.486217174848	11906.789023784322	2097.2520809410926	13650.76791353928	4745.506338080134	10818.31547031012	7428.83219678765	3184.695948894565	1834.4111240401592	6048.568626605685	3717.8275030633663	5254.015524770235	2116.79679939808	2526.852755401201	3642.5809041812186	3578.3109370252996	2322.61675793504	5742.636261072614	2134.8246351995235	5612.187283249367	3507.348416980203	2096.1154320106034	4154.594255036976	3007.1966425680152	2246.3600509115145
P163-PWY	292.0617319074735	131.78018353759515	130.3492688878305	96.85706408976128	57.06835942605745	6.943478517121471	42.59312798843545	36.93440428380187	98.6133105314164	0.0	303.6705855311325	83.02881615650004	59.90579204466156	91.24393980937909	26.203361207756004	7.166494312306101	21.115269461077848	140.68027109243118	25.534410894702475	53.749997062947784	91.90368729984742	108.16740318139952	246.88951339342515	69.78029482409457	31.27510613091339	74.83183938312222	12.068326271186441	100.3434117192888	113.08190773088354	29.382338014629266	74.06427234492163	193.42224249580354	38.36472138392201
P164-PWY	1118.5876853156685	317.0065299458281	934.7710816454131	1001.9472633328045	1281.2951521419907	41.25308932860914	750.6807703034592	224.07335451593212	378.50220735795625	238.1427993327687	463.6900547627936	880.7575292271663	131.44141420370545	481.00032116250134	102.65431136061387	67.60239485177189	32.41758183348626	464.84875856376556	65.67877865893593	475.9859317996164	449.4174170122203	259.3206041428543	592.3502701397925	287.51806043409226	333.7360918074708	359.89971284482834	50.53601201898586	254.59120541532556	1140.2968340533869	291.7690539439745	375.44493366568923	416.8321285540462	329.11760533486944
P184-PWY	27.348950582226852	0.0	0.0	0.0	0.0	0.0	0.0	0.0	0.0	0.0	0.0	0.0	0.0	0.0	0.0	0.0	0.0	0.0	0.0	0.0	0.0	0.0	0.0	0.0	0.0	0.0	0.0	0.0	35.18069466904372	0.0	0.0	0.0	0.0
P185-PWY	7137.7057899041465	3342.9301661500754	2276.1027256341463	2190.139550090757	3432.9669134377064	2460.533774970947	4616.180842377854	2188.195388327642	792.1658051261476	5460.149555947454	4075.094657922716	8428.044868964358	7923.4696428929965	4946.328313387278	5248.048804487323	3033.0805043760547	1169.3868070682863	2841.1549666398996	4036.018080640681	3658.001203044263	2577.3521639134633	5052.423280012695	3497.0405759383952	1958.6879661865557	6009.113754156617	1724.397542513147	640.0328742323009	3507.4793116951755	2755.7845304000666	5644.952941760923	2814.2329334642955	1032.595880106006	1994.3365067524112
P221-PWY	796.3675336960454	270.5877416607318	288.1184647536618	667.8961675832788	373.56803735668905	6.466696124237627	59.52247482869426	133.91399244277187	133.1985346239814	9.979888474896423	45.95593365941457	242.60956633977602	88.56293301567315	294.5310262626961	48.28315103457399	23.810333424415305	41.464833212728834	627.49673347057	92.58115186161359	415.23935313628004	455.83720682765625	461.69519449583794	588.0697802536071	250.78383294616972	254.06248055476263	407.4329313818051	44.92882053588838	348.83649582163434	1878.9521989817306	334.531972502033	496.4031753164185	309.02558895446106	447.3207607779231
P23-PWY	5965.81641608626	1323.2792545501866	2978.1846827451905	3166.8432222966253	3470.544550188236	377.5926657920511	3117.497014312722	1711.569570027867	2845.8689302128982	737.2490077213541	2715.906000305435	4895.119176964313	4995.1797311906275	3470.349080219444	1014.2470806595322	438.75716492992	2364.816137029804	2487.59879018192	1548.0575779824899	2988.8318734613563	3339.840462874213	2591.1687884415765	3564.063075421559	2913.9660365483105	1854.922527928775	3487.490711106329	644.2760665763391	2697.3210897379367	5247.912391235372	2155.587848142284	3434.8292516024394	3460.0683119838245	2167.824334491136
P261-PWY	176.31859792885604	0.0	0.0	0.0	0.0	0.0	0.0	0.0	0.0	0.0	0.0	0.0	0.0	0.0	0.0	0.0	0.0	0.0	0.0	0.0	0.0	0.0	0.0	0.0	0.0	0.0	0.0	0.0	0.0	0.0	0.0	0.0	0.0
P381-PWY	699.9285409813259	20.523503773577435	109.87275832566334	117.02563692134139	180.49600530592593	134.3343631378104	2375.1797554204204	1029.986625986214	680.7578195340058	636.9051303927466	537.9727221777472	2586.3551644114677	644.634585960582	2100.2994085585865	268.509167880841	152.58302999689906	1566.540411846901	1261.271147507597	225.42184756247318	310.0313730240988	43.406346880982866	44.8806598679893	112.98142644442548	45.780048407612014	581.2020767947403	518.6888053725193	15.81595921446025	27.565426055147764	701.3749467439092	0.0	97.31181406236352	79.62860298287309	43.32320863998071
P4-PWY	7839.269964998086	3701.211483851639	4337.13044115859	4464.011351886305	5527.168832238872	9158.17038661227	11550.871342997676	6912.552900977323	6214.403550565947	8007.47846786084	3938.1496566749333	10899.329043249732	6619.56951812419	10715.503973462572	3523.274070411393	2994.5915737209866	3421.0964819234237	7267.373215016912	3493.713948577654	5434.436766386994	4472.498075764495	5409.144704344419	5595.528193087585	3581.7225473913936	5666.247900080737	4905.360907470499	1398.3206037402385	4194.775759774586	6016.686838194707	5357.751278475574	4933.230836992813	3475.0640339939264	3059.9185930277467
P42-PWY	5421.343092652645	1246.2195532099888	3167.6727917577996	4032.5809365080445	3861.0381081223245	531.3630583414233	3645.767464255077	2355.2731003929475	2101.1744405830013	948.8364963666401	1947.1278847212857	4756.26151273685	5589.634355047978	4021.6442727958497	825.2272460826919	665.1777340364586	2492.5824847381346	2315.307116123313	1312.750361900055	2156.4979714150095	3093.812423626837	2242.2359806735726	3095.3074822776184	2276.205331029551	1942.2311955936273	2527.4485217976676	516.0293859976396	1905.3092727554879	4627.7812870874595	1923.4184756875359	2689.403989846534	2918.0769509696884	1819.7450828479398
P441-PWY	1204.518833182204	249.39867855185864	0.0	541.017508000763	545.2469142339601	540.5187841928899	235.06766126409124	0.0	0.0	0.0	0.0	167.6053761326632	84.09396057156954	0.0	0.0	0.0	0.0	287.8873086919229	156.88909947472536	555.3012336511122	120.67281566243564	117.41761935738265	0.0	0.0	474.05382736119293	186.42578242704204	660.3202588065892	432.05939190189883	492.5767848441192	513.466484839639	481.6379145635968	124.9277439762047	283.10274528938237
P461-PWY	536.1778213082982	166.78267452339242	210.28979808593712	362.2455939316025	311.5260378781642	169.97584207251987	117.57531293801377	298.70408193370423	0.0	29.691797698178277	198.15041430520594	440.1043415381205	688.7691621524698	742.8205212844498	214.4197794681829	10.518615370701024	277.58168465549727	287.5434438935567	206.05768239376857	196.23048055683074	251.57091172093885	205.01803838163158	186.27586655945754	164.77122796994092	299.4331707131551	370.5162258835746	3.805255348843948	136.5906351867582	433.3374294052921	239.31952548341647	185.53198256387256	215.59588949737338	92.65991175323713
P562-PWY	1051.8692874100052	40.208550255604635	224.3524188590818	166.97932139790345	487.03649345273004	805.6853108815745	2159.477929311201	948.10420843011	25.730207080337827	2709.280280034259	2864.3223846661463	4688.592856984938	4499.267399612082	2309.275581613563	2949.808581547372	461.0449351245288	842.7369087154118	1555.0572581765218	3353.255218698908	60.50973107017804	149.60114358760214	412.93074164112926	270.4645617039963	177.82393833727562	601.1585545967646	327.33223702854093	7.591837655826298	127.71732219098969	355.49342617331087	67.89004699171969	149.61918402784272	33.55508609761187	58.56928111648991
PANTO-PWY	4538.875370237373	901.0351065520831	2075.232771985163	2223.6478922422084	2504.030384538919	9249.726426775738	14616.232696854475	8055.109085738811	8941.88398345894	12094.369271498737	5557.49808890083	16834.567688367468	8943.856801578528	11390.087432359676	9401.370212088905	3328.7810125010815	3814.9526979225743	7049.57852752103	4787.589501742471	5257.957456847218	2568.5200029951966	2934.277028668436	4240.087968447644	3905.7595010880723	2428.3094256992445	5920.778222696407	2141.5101217980305	5926.8136652349185	5101.750898811415	2235.849686914326	4692.7030928840395	3456.858261279227	2442.5270140168836
PANTOSYN-PWY	6013.060943426428	1482.1947475362317	2862.9633862812525	3145.1661113423534	3538.1310746603604	11496.741821596986	15964.778206725581	5293.657995695887	9816.42080407027	13026.750008311012	5368.2238312654945	17976.736205331472	8819.86148637889	12817.90190918265	9830.668155761305	3970.8818053342634	3142.180186863406	7774.454115181561	5229.197790902329	6417.811857914939	3512.1168122012527	4121.4070303072085	5239.479443917782	4542.985567190575	3384.9578412691153	6569.372730841842	2343.6132417216054	6804.1030911582275	5876.361644271085	3399.7304290061293	5494.945586279681	3956.0990521490908	3053.556362814034
PCPDEG-PWY	30.81412665873343	0.0	0.0	0.0	0.0	0.0	0.0	0.0	0.0	0.0	0.0	0.0	0.0	0.0	0.0	0.0	0.0	0.0	0.0	0.0	0.0	0.0	0.0	0.0	0.0	0.0	0.0	0.0	35.964950145221756	0.0	0.0	0.0	0.0
PENTOSE-P-PWY	10001.120843281562	10448.710489267096	4113.341042785122	4332.572639424422	5322.979102395738	17095.06563781622	19321.49001938613	9535.377231106826	11671.776942433207	15528.65354091537	6025.948318579224	20529.419752612426	11092.509163593	15770.68336332065	10924.289983594888	5514.505205570531	4492.476712769813	10106.133195955023	6260.120192295531	8716.995129369781	5048.33067952793	8304.54440904393	6802.763140639277	5382.957807650484	11381.31042490574	7526.338739769043	2691.994542826784	8316.047084748192	6558.269079843806	11764.641301333635	6638.65640444353	4419.582204400399	4171.655151494459
PEPTIDOGLYCANSYN-PWY	11813.716480473344	11936.561022847154	6191.173892610923	6483.1925149967665	8117.088461875449	18573.52118869273	19648.453134610518	10836.809424024443	11545.652144586351	16595.02364673329	7039.981436569027	21435.527802399945	12442.58946854585	16952.283611424384	11296.217766366082	5943.172658966489	5278.749816713843	11054.39988015156	7331.448986596439	9362.276219313893	6124.426044730728	9581.797592759329	7850.64057869794	5947.082749775525	13071.22191408443	7998.1331861519175	2721.7540391465336	8781.606217526027	7848.483748135655	12980.244012748606	7310.372000217675	4925.673595611755	4803.768115271272
PHOSLIPSYN-PWY	13680.378063580016	12056.833704812545	6613.776500042023	6380.321136217419	8669.254812035326	25439.016326102235	24576.474282956675	10991.450212405187	15521.817711987267	23681.865720169753	7513.103422894836	31310.61201894078	14207.350406887	23783.090058994803	16917.084028153455	7951.612708210937	5854.804801035483	14162.870885033575	8605.42758792259	12641.67336611289	7097.891874397375	11301.770946505158	10380.442630572332	7864.18903082952	14261.228966104562	11741.395327061591	4341.461974192142	11128.081018160648	10309.351516185307	13908.37544563238	9227.700673405836	6254.776647518513	6201.414106903016
POLYAMINSYN3-PWY	1325.3259705144162	8.307186770126942	175.43202889805218	196.12057379236123	594.8708994376116	1142.5167271731361	1735.6424943263864	711.9458859194527	128.66879721872297	1393.9352522337647	503.8611915002783	1734.8416414540889	1453.518493118466	1525.0580988951851	966.6384828446019	1297.716642175579	238.4468761097691	772.3482093247575	1007.8901949209305	123.56607970867282	77.71756787229994	45.63803838502338	48.58295731381692	22.716346832745984	1222.08757952163	652.4781588285684	46.89677780869162	123.93281054921309	752.3521498148876	62.750940880372106	278.9426501234478	77.92164497835344	63.9986150278742
POLYAMSYN-PWY	2796.8423754788623	713.3008032917916	746.0949815694817	1405.6533944223115	1745.3833146521301	1349.5325977279044	1803.0447928685194	700.108711683917	528.0877717457228	1641.8330863665533	399.8777391586614	1837.7156490852649	1449.6172052692987	1571.1993678584377	984.8064342054028	1739.5799300335048	265.01285398855526	907.6843292728846	1026.4755776307131	1340.5576233599368	1499.695432965563	1420.6446542489841	1183.1404632821416	837.7009493431983	1960.1860462158222	1259.1731390387017	333.266422517106	1547.3386579958951	2326.3847928886007	1493.749946492377	1147.301332629148	886.1570682171592	763.269807038603
POLYISOPRENSYN-PWY	10704.932172813742	12224.89035698964	4707.562066604369	5063.905165217898	6273.42930567096	15364.56496562625	18936.871962093424	11767.812203317464	11890.542719844934	14309.252090382535	6466.3490131157805	19529.27616044088	11719.387727637713	14826.408542015775	10065.967418328486	4925.063045085381	5120.608476941523	9724.960777448625	6829.541544925038	8174.96071366455	5189.38155717549	8724.762564447854	6660.928383801865	5559.914110757553	13102.559731740193	7773.992963931449	2846.375832127528	8360.837811572985	7196.848129518276	13036.623869902971	6775.616809123667	4912.517063496775	3932.807945457579
PPGPPMET-PWY	7068.083535044182	1417.767146329285	3167.6210754192457	3406.7829764269495	3982.9132608083773	13433.981874180281	20377.570518991335	10209.896932784564	11822.649594275621	16369.580745042887	6287.51171299173	22361.489557012326	11586.466568649876	16776.503050689433	11687.117176472544	4635.5291197396555	4889.781970571018	10557.764640305968	5455.164367600611	7007.983755336701	3541.516205197372	4060.7029698776996	5897.722877216777	5132.558910908719	4108.5696370222995	7857.766780391977	2888.383910528051	7802.6959309719205	6842.253101242186	2990.849138915706	6316.539602331665	4614.06800902608	3341.994523785144
PROTOCATECHUATE-ORTHO-CLEAVAGE-PWY	648.3578888833406	0.0	34.85165800578068	35.331247524736426	189.8819291560486	163.9369192570955	19.562343198505722	36.31068809372136	36.3125434477377	71.79392625666704	59.31918228295375	113.84895648608105	669.4796187913886	269.5000596837309	135.73008930972912	45.98097618062949	26.47264023602235	266.67077662328455	56.30490280690903	159.35870180248585	133.85973827275882	45.22219049862263	101.95180094927375	66.07420052741229	129.57874648772489	193.7114738336796	14.230483271375464	70.84434832710362	599.720157664285	122.18418004860365	117.21704563045161	144.79150694516096	63.74322364329217
PWY-1042	11453.690481751737	11172.089964738445	6058.348512078215	6959.895375285468	8153.434456700334	16152.8539715466	18619.77300517306	13029.057618426748	6797.157348706985	16718.24049498209	8131.555692655742	22973.880988341014	15442.532851780434	17371.464213589337	11939.843139769388	5467.604480471119	6875.51929567901	12436.148154812185	8154.090425246613	7905.5469673004945	6015.762726076023	9081.857048940741	7444.024645619646	5031.45815662877	12547.220220488525	6772.259489597693	1625.821455171755	6515.191837918408	8087.290707767845	11945.575101994267	6122.53110591385	4393.123150432867	4636.834255614003
PWY-1269	3664.0217355654586	806.3951046778598	2714.3544375539636	3511.4374901275114	2612.359354403067	8114.84	11669.408300228024	1272.0	8844.177436347982	8485.59	1276.45	12033.94599464186	2456.167424931756	8449.415011481722	6394.13812445492	2555.96	1224.3774269867743	3936.2442418135383	969.8774729350745	4801.222420872594	3058.8096299840768	2384.2723000654955	4077.3680909034247	3681.4826648220305	1500.27	5415.311695801119	2182.919656580827	5590.559161907794	4682.694229562011	1979.9110426555183	4522.396180640074	3632.558213152422	2238.573394711181
PWY-1361	21.098879269054837	0.0	7.271700779219271	0.0	0.0	0.0	0.0	0.0	0.0	0.0	0.0	0.0	0.0	0.0	0.0	0.0	0.0	37.373452847037655	0.0	97.65842769973773	0.0	41.63337775224997	0.0	0.0	0.0	58.5470530617978	0.0	23.75986587911835	63.7326594935732	0.0	0.0	30.35535467625618	0.0
PWY-1501	32.52545393812519	0.0	4.271174078100524	0.0	0.0	0.0	0.0	0.0	0.0	0.0	0.0	0.0	0.0	0.0	0.0	0.0	0.0	4.325743424042005	0.0	9.831997435075344	0.0	8.535057587391393	0.0	0.0	0.0	9.415366839976892	0.0	6.875	57.72601486178541	0.0	0.0	6.222222222222223	0.0
PWY-1541	55.258158122029	0.0	31.042213153595508	9.311807270722289	0.0	0.0	0.0	0.0	0.0	0.0	0.0	0.0	0.0	0.0	0.0	0.0	0.0	0.0	0.0	101.50192204121383	11.414507645922155	47.41647532694384	0.0	0.0	0.0	96.14789289720406	0.0	69.241493955408	90.32974564283474	0.0	0.0	0.0	0.0
PWY-1622	457.996958074849	0.0	94.10418076605643	78.6582470543636	0.0	0.0	0.0	0.0	5.450000687974514	77.24250419309426	3.610112373869479	30.93853330738712	0.0	0.0	0.0	17.60851956384231	0.0	119.72770536252487	0.0	304.6140108126775	154.69412806782674	214.69060037261175	211.00000349212698	87.99825810183806	0.0	235.23578255679257	0.0	156.3039159337152	649.2383720390346	167.03507380892043	397.8646491840345	117.30448843339022	171.62633669276258
PWY-181	541.7999606950209	0.0	0.0	89.48328293420309	0.0	0.0	0.0	0.0	13.553312723895509	0.0	9.024935840010544	0.0	0.0	0.0	0.0	0.0	0.0	105.22341835210274	0.0	53.72278857651989	91.00833975068385	0.0	71.70771155416949	0.0	0.0	41.81779303185067	0.0	0.0	639.1081235409953	0.0	150.37109489891674	43.79768665704821	149.5381949467551
PWY-1861	1716.6226604476894	271.8887441672115	341.75897602022746	149.3470970537329	253.42108606646892	203.43445012208613	243.12310802167065	96.88674632754146	2574.7237162699175	571.6851760647688	229.3030206013067	672.4403581799982	37.51499828463643	1278.126568662655	161.4170348304512	283.24635859458647	78.28473787612702	398.8434286509481	30.494606136248553	1140.954139323429	581.2622769996784	600.3940867602863	285.32017012489644	290.1955314611039	136.1387038856894	768.7199184228366	35.51299992252149	459.1444553007725	483.6580583497374	2136.410114731738	302.7485585063554	319.8277375293141	443.1688896526902
PWY-1882	19.229359281585463	0.0	0.0	0.0	0.0	0.0	0.0	0.0	0.0	0.0	0.0	0.0	0.0	0.0	0.0	0.0	0.0	0.0	0.0	0.0	0.0	0.0	0.0	0.0	0.0	0.0	0.0	0.0	0.0	0.0	0.0	0.0	0.0
PWY-241	4113.795647374848	1095.4177652576857	1650.7113892541734	1782.6481096675707	2185.367528837615	10743.064929454158	6706.404094200431	2179.4705478868796	1825.462631517148	7320.527539316221	1919.6131518582783	8496.941667253648	3998.857273262705	6460.399825005584	5186.787596529484	1558.77087973163	1696.5974494366826	4459.749947883219	1906.5545123320196	2032.2649630005174	1662.665808360702	1906.258321360295	2027.8835211664982	1264.0186485417305	2021.2980380179317	2146.0252703459346	163.48793432907837	1283.3846100153623	2608.2649422272934	1519.7414927304355	1370.299005920071	1332.3420382251238	1385.5270420667955
PWY-2941	7973.90028998305	10114.103577368845	3595.2738809614943	2894.6021388126005	5137.159457928502	12368.44053723677	6984.265499365008	5062.668356291802	3348.1520503415686	6815.488179553143	2498.931002024398	4432.970789873473	4277.390134280352	6465.98987855917	2688.022923567706	3708.2366926508525	1812.804710441443	4908.868772429953	4125.561682642922	5732.614219370472	3663.814665202001	7033.748055127927	4313.9755602519335	3122.3423838264866	10655.328981438697	3338.0244357942947	1067.9770978064398	4925.3481031620195	3589.8800650127723	10289.342324307707	3909.213745054692	1816.8294944197614	2922.70412145362
PWY-2942	11161.446949904423	10682.747120370113	5557.735302587549	6081.619354816742	7449.824565937608	17624.426500213704	19335.042860535523	10626.660438569457	10690.423144795668	16184.607927162428	6818.756045431639	21167.739711817918	12565.271973429566	16418.80621644159	11187.203230282663	5613.008676849299	5208.001701202907	10789.401271139817	7021.038996508017	8665.394967755363	5612.076739002764	8573.28279392545	7252.626354851219	5581.129471539877	11995.306404937786	7726.2210766727885	2679.610159846591	8301.490099398812	7702.401494872947	11334.75879620007	6930.146939066794	4700.641345961596	4472.196238853133
PWY-3001	11127.398163846465	11041.082696671992	5870.347843431124	5974.562753017046	7853.417552173567	18044.281020338687	19929.39034541141	10950.47026337852	11335.272294821929	16502.52478551586	6706.571944306527	21712.194295317873	12441.824224356278	16911.355351477196	11420.702613879283	5805.456630633735	5396.31018454664	11092.427122367833	6900.412863719596	9185.42377587174	5878.3412493454225	9033.221387183326	7641.603669820594	5868.885136723989	12471.501678086513	8052.972099454198	2797.573447226432	8620.330243830558	7862.208664657742	12056.939951939374	7208.528060075236	4791.692488397608	4653.030017174685
PWY-3661	180.7364172950553	0.0	19.76652385483132	0.0	0.0	0.0	0.0	0.0	0.0	0.0	72.89937466959145	0.0	0.0	0.0	0.0	0.0	0.0	0.0	0.0	0.0	15.27416057618451	0.0	0.0	0.0	0.0	10.577774594856157	0.0	0.0	0.0	0.0	0.0	29.9511108112657	3.829993529199456
PWY-3841	10417.884046241175	10619.926163544349	5376.3601758981595	5460.370244176136	6869.4988759511125	17045.92947315735	18207.251089752008	9477.613619480748	11051.20375840151	15091.087203086268	5973.041766247423	19603.110514432377	10786.008679318567	15431.885244112147	10323.860490251627	5398.41725017702	4643.778664041514	9887.886969034007	6164.332951846891	8650.570315982524	5531.912966347266	8520.887461744493	7057.9444329132875	5480.946414015052	11552.46832793795	7463.658441688502	2618.0359134194773	8255.599523848661	7217.449008063069	11664.05238341119	6714.23448297257	4572.427796052657	4303.805931036382
PWY-3941	46.91196005295438	0.0	0.0	0.0	0.0	0.0	0.0	0.0	0.0	0.0	0.0	0.0	0.0	0.0	0.0	0.0	0.0	0.0	0.0	0.0	0.0	0.0	0.0	0.0	0.0	0.0	0.0	0.0	0.0	0.0	0.0	0.0	0.0
PWY-4321	38.6979961599941	0.0	0.0	0.0	0.0	0.0	0.0	0.0	0.0	0.0	0.0	0.0	0.0	0.0	0.0	0.0	0.0	0.0	0.0	0.0	0.0	0.0	0.0	0.0	0.0	0.0	0.0	0.0	47.65837845700336	0.0	0.0	0.0	0.0
PWY-4702	80.68162039590611	0.0	0.0	0.0	0.0	0.0	5.090909090909091	8.0	1.5	0.0	1.0	0.0	0.0	0.0	0.0	0.0	0.0	6.167239404352806	0.0	6.598187311178248	7.752212389380531	6.526912181303116	4.6695095948827285	0.0	0.0	0.0	0.0	3.75	80.493166151652	11.940740740740742	0.0	4.929006085192698	6.965388213283442
PWY-4984	1165.5279187141768	6.242652677006347	134.34304628928138	149.98378525512106	480.10043416612774	3554.8907465681446	3741.12805465246	1604.2027712573608	100.63073149969762	6001.109472221947	3929.586153679534	7212.50056137755	4855.599622942876	3872.631752764938	4998.793196672848	1216.1237364843653	1044.3410956315922	2635.563599864697	4049.4095242344983	93.62336721168654	58.70030047545828	34.34867229296051	36.59042628927611	17.0877773267948	1170.1107539232373	562.2684386364712	35.93099385017417	93.94747501529034	610.5888224967073	47.27029967626212	215.2039074483364	59.19783247706858	48.48328515591848
PWY-5005	1404.2617806651456	308.98489340773284	1987.0459522700373	2270.6604742265376	1664.3825152663126	80.26236465610558	854.3629082069336	129.9176456847122	1025.9537515597694	193.76433653823878	287.97118312302865	1298.1848688079563	47.15866540416054	445.17681894754406	93.52288256178011	31.188739802362278	21.699757259037703	335.2854453996373	43.85719843935856	755.4564614424228	1805.143551292937	464.4592145781689	1226.8375320808302	655.6540232415894	265.2601303067701	570.7396067994782	108.76144366827533	303.5833298397241	1968.8162883062485	755.4661889657051	650.7032064307888	1236.162403602105	386.03177349769857
PWY-5022	1091.0123010765253	205.22971741112124	162.39800545942947	285.1520839300301	0.0	597.772432264899	0.0	0.0	0.0	0.0	167.43204365645659	0.0	1029.7488578153122	0.0	0.0	244.46569715997228	671.3593708344441	1065.1420121846395	94.14949085021074	328.87533934894446	260.12865140861356	228.60622686808168	0.0	208.08810988678485	0.0	480.7230506878777	0.0	225.69978126115348	761.8017113833191	221.59610365014797	114.66044475124501	309.96785617095316	208.84613535647563
PWY-5028	502.38926909345344	0.0	21.973361668730334	20.395206053043907	0.0	0.0	17.411058300442882	19.949201300467173	3.7388625332387853	0.0	108.83979775664612	0.0	0.0	0.0	0.0	0.0	0.0	14.947566985803327	0.0	0.0	19.567317966155425	9.843176254462966	12.200191932501344	0.0	14.823280091620113	12.374913258994013	0.0	0.0	573.5727238658745	0.0	7.323221628706012	43.68625357064958	35.64392989042132
PWY-5030	2296.317224667288	541.3403222054038	692.5888611627722	484.95346143631	1307.7137085724653	8071.945237089478	2189.444204386264	3082.5461511773933	870.5040526840119	2260.6549561768707	1649.7212588422963	1055.138886839752	1307.9201814405521	2647.047177670242	563.4460037100657	555.9357305511336	1091.7291505081	2346.5553727367283	1567.3689127459786	1063.7520291408093	633.2819576199926	449.5037986254062	381.07994954999714	295.7643273785909	888.1769345849428	809.3619988922184	61.70872639384437	396.39547952149877	980.0855985821978	322.2979487533915	222.3475940287631	368.40431832818325	530.5013796283794
PWY-5097	8142.620206596249	2989.114417091571	4630.656210934794	5538.852063093748	5897.953086678167	14025.366380976484	18307.53613275637	9625.29326941975	10255.243382265542	15056.116726837628	6212.647219910017	20448.725455294993	11672.483666743208	15344.264616657523	10761.945446406979	4678.636749522509	4860.953636216995	9908.352077720194	5963.0100488371845	7267.768310465566	4706.102125217968	5356.524552573924	6385.082179312538	5010.046617627589	5922.589317904339	7224.933516100825	2534.7012129876175	7316.588615312389	7079.780373657068	5192.773775309567	6174.67340732607	4374.4050248895965	3751.9683493373186
PWY-5100	4534.766018080925	2076.7498422649514	3346.100716849321	4860.89476868487	4052.685388424017	163.5596234337021	1421.1566072946134	793.619103412852	1427.0857223237836	327.7273881272378	1179.5636711798531	2301.622484143742	2573.6139144266144	1553.368068826953	452.41667643712697	173.8522182708126	1257.291886327667	1415.9589140316564	686.0760954813915	1571.1155070362627	2899.317753993556	2034.4233676860777	2619.038808408171	1684.2358458438339	1172.401643367864	1810.8684142433747	267.9777849360778	1289.5442495109348	3411.6097806532403	1969.2275019172823	2087.766868930225	2045.2782822063702	1506.269281231088
PWY-5101	237.2727015378715	74.7313073625059	17.971509120962025	165.46534831073177	0.0	0.0	0.0	0.0	0.0	0.0	0.0	0.0	0.0	0.0	0.0	0.0	0.0	0.0	0.0	119.17893730724634	17.971114181693643	0.0	14.984466514083211	32.90239969782848	0.0	38.90030169461142	0.0	29.94458233010352	221.6997160498561	0.0	104.1912461801837	329.6271832734455	26.918068660148524
PWY-5103	11367.729687869678	11503.081306018526	6086.0387588481035	5801.953582603576	8249.354893398255	18928.656673793987	20246.956975254514	10609.414195759158	11575.829517006836	16692.597749623103	6458.628231327599	21823.97943725429	12271.336995017022	16976.639647302127	11490.893498423242	5967.194795486707	5265.600509944117	11009.362635969674	6851.986336063816	9513.447019503925	6100.56178747307	9328.068986417406	7926.322184838503	6124.967637558241	12953.903400641517	8358.7272455086	2939.674923727879	8955.361530368582	8137.5572291149965	12377.288168045687	7439.21559106594	4935.612834186159	4841.638988199656
PWY-5104	453.56680400803646	0.0	0.0	0.0	0.0	0.0	0.0	0.0	0.0	0.0	0.0	0.0	0.0	0.0	0.0	0.0	0.0	0.0	0.0	0.0	0.0	0.0	0.0	0.0	0.0	0.0	0.0	0.0	0.0	0.0	0.0	0.0	0.0
PWY-5109	20.038016346303127	0.0	0.0	0.0	0.0	0.0	0.0	0.0	0.0	0.0	0.0	0.0	0.0	0.0	0.0	0.0	0.0	0.0	0.0	0.0	0.0	0.0	0.0	0.0	0.0	0.0	0.0	0.0	0.0	0.0	0.0	0.0	0.0
PWY-5121	6263.220595146252	2373.3696843554153	4013.1684002066977	5024.894043798984	4849.34200334625	10638.366741609707	14589.549817443267	8707.484432394163	6968.873726330891	11682.922606766684	5519.974760944439	16284.167520424597	10375.12082807717	12560.848658781275	7884.127011731568	3643.5983865794287	4485.5409181521345	8644.137144337697	4928.183095126725	5713.5843558259485	4028.9140755892918	4304.696949681944	5403.183669608211	3936.6605370129146	4214.420493451064	5260.516811341181	1413.3068256969286	5387.43495521433	5761.166328760641	3544.59035121609	4812.712477701182	3547.0228665668787	3070.198188924929
PWY-5130	1581.0010127913756	170.84053884921587	955.3959846486748	1014.3493601184334	1461.7275872096448	130.49390200210848	3844.0138716584174	7535.242323498332	842.2296788568323	800.5408958588491	2152.9542179453915	3824.3107005730103	4896.698675416533	3986.5350220210203	396.69760287885794	316.10580139412775	3344.381884661038	3429.241034057854	521.7077680288744	664.6420390410856	485.42982757095524	433.11540855511186	854.0907738283995	409.99610263701936	729.7970030659837	833.763661242125	53.19410476384988	247.9998371965365	1460.3891751759465	540.2404261949874	404.2301610253066	363.198117318535	264.538322576253
PWY-5136	1193.0607158451417	0.0	38.79823317391575	55.28618543424	32.39220608287106	0.0	90.06461308405652	79.87278870999802	29.00332033426184	49.28982802965354	1.978092456928503	11.193047411069605	2.666428842166284	61.44116029725734	0.0	28.779455570835367	0.0	413.4057845445219	0.0	322.7434263992902	270.56244282575597	137.82796232881856	125.25935195292287	86.00639283912567	47.809338175230295	278.7442730403684	32.4314185228605	279.8975701567622	1760.0784928258363	155.7784969176351	330.3971778837829	231.8959049559278	98.00192169696628
PWY-5138	456.3531737203315	0.0	5.171543612484796	17.81814665720919	13.87111198790031	0.0	0.0	27.398648840605237	0.0	0.0	0.0	0.0	2.6661910600824883	89.79901919294004	0.0	0.0	0.0	302.00457682234605	0.0	138.48447490134924	213.0001953399637	65.74809244816508	84.02825295210576	78.00917180295	21.525751104519127	165.31412076971782	38.52924791086351	285.7396563750038	970.9395929141306	107.6094770504576	180.12007711225488	139.94013907562535	53.553520977679945
PWY-5154	1183.0964537023922	305.9722778066107	895.9227140704264	1465.91451462614	1987.3503106875078	782.014307126977	621.6786151189958	1011.0105535890398	213.2123647870849	2257.5987171082265	153.35936671217263	436.5524185636263	1439.9338918959882	363.1095985914042	171.77964576160815	367.58361062671804	647.6472428390238	1611.642237392164	109.06468167463905	985.5202480382615	370.8351831332271	494.2035964018363	941.6072602828477	647.8704359019857	1310.4597158643198	812.0592989531942	140.03707808355202	441.6956849692577	2136.959463983336	321.02953233743784	564.4293600661214	496.4791505999092	882.3170196944184
PWY-5178	0.0	0.0	0.0	0.0	0.0	0.0	0.0	0.0	0.0	0.0	0.0	0.0	0.0	0.0	0.0	0.0	0.0	0.0	0.0	0.0	0.0	8.68940777405384	0.0	0.0	0.0	0.0	0.0	0.0	0.0	0.0	0.0	0.0	0.0
PWY-5179	86.81361268224897	0.0	0.0	13.072007393602698	0.0	0.0	0.0	15.94575369139548	0.0	0.0	0.0	0.0	0.0	0.0	0.0	0.0	0.0	0.0	0.0	0.0	0.0	0.0	0.0	0.0	0.0	0.0	0.0	0.0	177.0024720831296	0.0	0.0	0.0	0.0
PWY-5180	340.93893908218104	0.0	98.15721960102373	350.0242204861466	66.35112529482736	0.0	2395.9312424945438	2271.625270090005	339.65313913068263	0.0	29.63194542686488	1469.3558304842823	0.0	1619.406159416197	0.0	140.51950564454222	0.0	1654.774298066212	132.09130914597483	111.45035379096558	76.69900976314563	391.17217486659473	218.5396599854373	30.29094383122528	360.94266719621754	98.32361377312293	0.0	104.04134253153397	817.036256968106	79.69172400794659	406.34491406726306	48.98158800976158	205.2491799617384
PWY-5181	0.0	0.0	8.499024242862506	0.0	0.0	0.0	0.0	10.403080643187614	0.0	0.0	0.0	0.0	0.0	0.0	0.0	0.0	0.0	17.687779292184015	0.0	0.0	0.0	30.620617236273	0.0	0.0	11.37761276727271	0.0	0.0	21.015981868811654	48.04120636834081	0.0	40.23815420381821	28.187731863920604	0.0
PWY-5182	0.0	0.0	12.609022729661293	0.0	5.04416752829876	0.0	0.0	12.274492341446187	0.0	0.0	0.0	0.0	0.0	0.0	0.0	0.0	0.0	9.600388611930617	0.0	0.0	0.0	20.355145032151967	0.0	0.0	14.361133214833565	0.0	0.0	8.893939567751127	43.064841497602	0.0	30.56800218992572	11.786196405549806	0.0
PWY-5183	0.0	0.0	0.0	0.0	0.0	0.0	0.0	11.256153511120639	0.0	0.0	0.0	0.0	0.0	0.0	0.0	0.0	0.0	0.0	0.0	0.0	0.0	0.0	0.0	0.0	0.0	0.0	0.0	0.0	38.543467818107935	0.0	0.0	0.0	0.0
PWY-5188	5271.0427379756675	884.5531400985682	3064.483999809623	3276.6476140780646	3545.029243480744	10394.509535768906	16202.418768771375	8220.500630486362	9565.955508422036	13755.341630082397	5133.457851382412	19514.3824055971	10180.422571658622	13933.733422818397	10226.40945322561	3577.7060772979703	4328.714705803234	8630.034860262673	4287.069299818441	5205.041980734485	3324.914409760746	2819.7411678137787	4742.424076084275	3966.403383072617	2775.0947089984097	6396.445281369816	2323.7589627424813	5652.688994682982	5361.895514784171	2163.084064372941	4689.735419500706	3631.1542546750748	2500.344126574202
PWY-5189	5006.214136823155	821.579010096417	2568.72116488072	2934.4817801284044	3214.59723693888	9530.82219799593	15794.15688103798	7583.910159810032	9156.10167305411	12786.283744382843	4876.086930906328	18098.8087658791	9394.032019706134	12854.902845311686	9523.33329824425	3340.5760256638055	4083.102699813134	7883.520849334545	4190.536681883128	2730.0415134268815	2617.0742028762998	1764.6157650261239	2456.5786837930086	2961.505594149606	2531.7276019734436	4663.871202274951	1528.6812922037916	5040.584516671194	4365.389679375576	1697.9183786629512	4120.24554044981	2934.833914777805	1937.9642526893526
PWY-5196	124.03778650868917	0.0	0.0	0.0	0.0	0.0	0.0	0.0	0.0	0.0	0.0	0.0	0.0	0.0	0.0	0.0	0.0	0.0	0.0	0.0	0.0	0.0	0.0	0.0	0.0	0.0	0.0	0.0	0.0	0.0	0.0	0.0	0.0
PWY-5209	121.82946670683941	0.0	0.0	0.0	0.0	0.0	0.0	0.0	0.0	0.0	0.0	0.0	0.0	0.0	0.0	0.0	0.0	0.0	0.0	0.0	0.0	4.295454545454546	0.0	0.0	0.0	0.0	0.0	0.0	8.659793814432991	0.0	0.0	0.0	0.0
PWY-5265	8004.469724606833	6230.847049923771	4584.8653394569155	1791.2007521195958	6291.171705658457	18071.166693140152	10121.851889567393	7134.972559644947	5192.240081222689	10130.87459377077	3813.176499645005	5415.033033389988	4816.657216522564	9541.756693357529	3367.9140011229993	3085.789382967681	2857.8575404807093	7332.649502333677	5216.839349356357	6427.852095322435	3326.116297656569	3746.417816318217	2202.5708796924096	2508.4987009763804	5719.057222248977	4294.125644415566	396.5208442601643	2477.788139017859	1874.561136261385	5834.5974581901355	1492.8713282229294	1624.2318287829119	2916.1948287106056
PWY-5328	28.543962064143575	0.0	0.0	0.0	0.0	0.0	0.0	0.0	0.0	0.0	0.0	0.0	0.0	0.0	0.0	0.0	0.0	0.0	0.0	0.0	0.0	0.0	0.0	0.0	0.0	0.0	0.0	0.0	0.0	0.0	0.0	0.0	0.0
PWY-5345	5321.613972941202	912.4416372075834	2127.5990547420533	2278.334392422192	2133.121469348329	6897.756885282915	12465.910159815356	5962.745980450647	5758.040529833712	7270.822802682583	3946.343773650864	12302.432975198572	7908.971621234494	10547.061811224003	3236.419093827288	2387.1865136833862	3358.9851717096717	7591.6230721168595	2643.7885514839354	4341.087793118624	3112.8311832222603	3336.525741825504	4497.88802212159	3105.163252510134	3081.3738174661166	4589.17830856868	1316.862879971977	3493.2341139701734	5552.339532099376	2817.1335312787837	4445.2893185276	3338.748743535496	2423.0746100120864
PWY-5347	6774.373826430249	3831.1961313808024	4082.4358272790596	4314.741197405538	5100.551868438603	6071.77489328539	7982.501308001718	5131.3140881829995	4181.648203871089	5181.334952307105	2877.5862142827295	7155.921719418125	4489.850038015752	7790.49580063944	2010.9264158074013	2015.1118938457096	2573.6142055439755	5460.526387879755	2358.0813779323703	3944.6209301150275	4097.166228675269	4542.549491463042	4714.008472851977	2605.7998864551337	4512.296497937171	3499.158384845424	905.952077139368	2721.0007863120422	5183.8374199992195	4388.4877433583415	3828.5801873679043	2825.721987761026	2391.1907925155847
PWY-5367	71.82836139498836	0.0	0.0	0.0	0.0	0.0	0.0	47.86274018639011	0.0	0.0	0.0	0.0	0.0	0.0	0.0	0.0	0.0	0.0	0.0	3.8594715593749656	0.0	1.579900826430254	2.719665860083289	1.8597808946731051	0.0	2.999656780702631	0.0	1.4199063937598042	2.71969463322283	4.859243125838078	0.0	2.2796053339513516	1.2798811792973497
PWY-5384	10033.645773633518	10530.414193361381	4771.912328116439	4419.192296380451	6584.431281327467	18885.82858141525	20648.32922651101	10296.234536621354	12039.49731227728	17171.37416924164	6500.670251129321	22493.814962157827	12906.439590502348	17646.124276767507	12165.09692845308	5905.632460092195	4708.339387006908	10990.863235731176	6846.986031917508	9281.016750489309	5122.869585430019	8568.460642926697	7403.025885129683	5809.335609048156	11703.305194323493	8143.501059729196	2821.9592902497343	8708.849708210306	7442.169715993145	11674.624787883373	6824.963573568702	4657.824874254865	4477.812679813419
PWY-5392	13.96779624536643	30.551216628320834	128.1070379989985	157.4459491502963	170.01893392004942	0.0	113.38124957957525	95.82589040645198	0.0	0.0	133.47678056826928	146.82206932937265	113.86876209846703	447.3654733322092	33.32047060858477	0.0	831.2031573937744	112.52996568986252	67.32785302472467	19.15618973079393	19.161870688619132	202.9638719277267	92.1559694234062	162.47982843467972	199.08301110805002	264.6391252553562	0.0	107.96065336046024	20.929467852858735	7.851115223021351	26.019997552072248	45.6865295267467	55.33713099791729
PWY-5415	278.9694606441702	0.0	19.270325266891483	44.79177083806331	19.789689920717304	0.0	61.673750322178144	19.89846030117396	9.877711402823454	0.0	9.27796952012546	162.18527931437214	0.0	7.682643145125527	0.0	16.650504809648666	0.0	19.87684275578302	14.330362204678277	88.17699096944587	5.768557078896711	25.82699186584184	82.95916282466668	12.068404115873966	51.22880862410665	67.57477146406224	0.0	11.91926625645546	533.5472898587605	23.669767420611375	91.21586919812103	17.14305276207358	39.91308036452478
PWY-5417	161.95349793217423	0.0	2.744205095854309	7.70014403597868	0.0	0.0	0.0	19.81450704980432	0.0	0.0	0.0	0.0	0.0	1.530335426843452	0.0	0.0	0.0	116.2872612505772	0.0	75.91680135816144	93.18332712848748	23.915908483031718	47.13646259316177	31.765524436619362	0.0	91.89023664399951	0.0	39.743744472382744	394.2299255023302	68.2253916271688	66.43726321378072	79.83819831872952	30.525749815938287
PWY-5419	317.05961491545355	44.39730407936647	118.81457484295632	90.1994551720798	63.483275298861045	6.4973275997378614	73.3601223828337	76.65070221110659	131.72537039509373	0.0	22.274674761565684	121.37299688531947	67.71219701810455	130.0912400463826	35.324004096397935	13.960191616237369	18.776966034958082	205.6036221397587	51.90320308419078	41.323009441022094	46.150477975299296	125.74704388270729	344.26985078960905	47.49606495760996	43.897693066099556	69.71615882904007	46.78638395688994	24.918406519686528	424.6049957942675	24.97021454338765	77.91741212498718	36.93638680514599	89.11289663881813
PWY-5420	286.7342470108364	0.0	25.347958196893206	52.43369282541171	24.640631926917113	0.0	64.71285289393634	25.24029242785369	13.43101639877808	0.0	11.137017094629584	144.13894850527234	0.0	10.50801506595115	0.0	15.783605104937083	0.0	26.799419609168165	18.070098971334595	52.26050624065468	7.69246575182875	33.416646726929	106.17716756299005	15.34507196137906	48.89785646616243	67.32261222498967	0.0	14.010654337795822	469.4783881081887	24.027724641232428	86.58174274654976	20.27472308423124	47.43633315931019
PWY-5430	132.0287429680868	0.0	3.713252942923572	1.987268304396066	0.0	0.0	0.0	0.0	0.0	0.0	0.0	0.0	0.0	0.0	0.0	0.0	0.0	7.711551308678654	0.0	31.988335399200597	7.407386720339508	22.900487364088114	18.30647579060019	9.218005279359105	0.0	21.86899613675969	0.0	13.22360297873674	262.022094868217	23.94477994196021	61.55327753075231	13.340852754586715	15.879258931542278
PWY-5431	161.95349793217423	0.0	2.744205095854309	7.70014403597868	0.0	0.0	0.0	19.81450704980432	0.0	0.0	0.0	0.0	0.0	1.530335426843452	0.0	0.0	0.0	116.2872612505772	0.0	75.91680135816144	93.18332712848748	23.915908483031718	47.13646259316177	31.765524436619362	0.0	91.89023664399951	0.0	39.743744472382744	394.2299255023302	68.2253916271688	66.43726321378072	79.83819831872952	30.525749815938287
PWY-5484	9476.765134587746	6859.4641187802035	5058.138927472629	5628.775573110592	6602.159864905499	16969.5608605368	17794.409430470525	9276.643880226417	7608.839302732272	15614.04819487107	5456.608301138221	19531.46354025804	10971.820891048295	15869.687855994189	10190.821590363761	4928.14171601452	4661.502504813603	10575.494975825099	5547.081791705107	7977.622620798563	5345.452912757715	7423.334503916291	6836.418527047417	5052.595394575826	8932.071191215498	6637.002615467149	2331.856431471313	6737.735684576097	6986.487716702176	9286.089441731418	5817.432048801713	4280.184282151668	4058.8542527319883
PWY-5494	0.0	0.0	10.081852004960727	7.37888198757764	11.351351351351353	0.0	0.0	0.0	0.0	0.0	0.0	0.0	0.0	0.0	0.0	0.0	0.0	0.0	1.7142857142857142	0.0	0.0	13.01972101972102	0.0	7.019343986543314	0.0	0.0	0.0	2.3723849372384938	37.90721044524316	8.062461726883038	12.774193548387096	7.188096913642302	5.919856459330144
PWY-5497	1437.8804016969104	307.02834519439256	799.5143153260959	945.8583786299281	1434.838080104911	29.557936639930336	430.47030384074327	283.9199124747966	385.63963227771745	175.87832420008147	209.916053516842	499.26761133650103	187.43354181684336	454.5177254151012	142.55031934030652	86.79715571714547	62.33894584449717	729.6289797231751	56.28762851207723	637.2678247223354	540.1667022041815	347.0655906393235	644.2671249824302	356.869352552235	456.64152733662945	469.8628008158332	62.169544352713224	231.22061991346445	962.5070185425185	303.91147300525654	329.82449585956357	328.7078378549995	468.0348327004116
PWY-5505	1835.6112232495204	567.4069732873733	2188.651788863617	2836.424958436985	2309.6681381111853	1757.122234748348	913.4115429627784	188.19500405905038	1009.9776842484297	1398.0667502235742	230.0601093764258	1511.3954054017065	136.90885817329584	886.3471486516809	329.170455558622	370.7309191473204	63.378806170500106	591.0333345030557	120.82601112699423	943.1743900102108	1979.9722103537595	989.4693467402302	1577.3144746034166	773.2818980596517	732.7386020115252	801.1150864152712	121.05275546549043	497.43771843631623	2554.255245088302	823.4036208904876	1112.4714979328126	1270.028933604872	691.3569639225212
PWY-5507	568.2806802440647	0.0	0.0	0.0	0.0	0.0	0.0	0.0	0.0	0.0	0.0	0.0	0.0	0.0	0.0	0.0	0.0	0.0	0.0	0.0	0.0	0.0	0.0	0.0	0.0	0.0	0.0	0.0	0.0	0.0	0.0	0.0	0.0
PWY-5517	58.22823096136844	0.0	0.0	0.0	0.0	0.0	0.0	0.0	0.0	0.0	0.0	0.0	0.0	0.0	0.0	0.0	0.0	7.120662349898764	0.0	10.235604658597106	3.7322989711041292	8.4970391937085	0.0	0.0	0.0	13.059161683997486	0.0	9.196451124021218	23.521419091570166	0.0	0.0	7.26249922139893	0.0
PWY-5519	0.0	0.0	0.0	0.0	0.0	0.0	0.0	0.0	0.0	0.0	0.0	0.0	0.0	0.0	0.0	0.0	0.0	0.0	0.0	6.629970932030429	8.027294403882973	10.566702288828475	0.0	13.282442327881757	0.0	20.40570188089202	0.0	10.734354485776805	32.78612227628517	0.0	0.0	19.818122218398806	12.175971967704685
PWY-5531	0.0	0.0	0.0	0.0	0.0	0.0	0.0	0.0	0.0	0.0	0.0	0.0	0.0	0.0	0.0	0.0	0.0	0.0	0.0	0.0	12.845848258340801	21.381002022441436	0.0	14.675171393257651	0.0	29.2610772865752	0.0	20.67217146659591	14.549045785649096	0.0	23.43125781394658	0.0	0.0
PWY-561	470.3287216553633	0.0	0.0	0.0	48.724224620385236	0.0	0.0	26.27378989492141	0.0	0.0	0.0	19.281686287395104	0.0	0.0	0.0	0.0	0.0	66.01756063697671	0.0	0.0	0.0	0.0	0.0	0.0	0.0	8.122545029841431	0.0	0.0	502.6594582995604	0.0	0.0	0.0	0.0
PWY-5647	93.0985331871608	0.0	0.0	0.6978335433803038	0.0	0.0	4.2739273927392745	0.0	0.0	0.0	0.0	0.0	0.0	0.0	0.0	0.0	0.0	4.953917050691245	0.0	0.0	0.0	5.670494512040361	0.0	0.0	0.0	2.7941729125866863	0.0	0.0	86.19236648394086	0.0	0.0	5.859375	0.0
PWY-5651	155.92775772753328	0.0	0.0	7.926407175300409	0.0	0.0	13.4183819070577	15.16756346574329	1.8745330477661006	0.0	1.6520474084112395	0.0	0.0	0.0	0.0	0.0	0.0	8.396652142444248	0.0	0.0	0.0	6.407403156400418	7.856679224377235	0.0	0.0	0.0	0.0	0.0	176.49266323573212	0.0	0.0	7.581764087178508	17.83221531704287
PWY-5652	87.15728862387336	0.0	0.0	0.0	0.0	0.0	3.8947368421052633	0.0	0.0	0.0	0.0	0.0	0.0	0.0	0.0	0.0	0.0	5.267993874425728	0.0	0.0	0.0	5.223650385604113	0.0	0.0	0.0	2.4821558630735616	0.0	0.0	48.41502729473713	0.0	0.0	6.122448979591836	0.0
PWY-5654	87.15728862387336	0.0	0.0	0.5715620060353498	0.0	0.0	3.8947368421052633	0.0	0.0	0.0	0.0	0.0	0.0	0.0	0.0	0.0	0.0	5.267993874425728	0.0	0.0	0.0	6.331545235031304	0.0	0.0	0.0	5.664880212954747	0.0	0.0	79.04768085867322	0.0	5.48027313447227	6.122448979591836	0.0
PWY-5655	111.90493508121403	0.0	0.0	0.0	0.0	0.0	0.0	0.0	0.0	0.0	0.0	0.0	0.0	0.0	0.0	0.0	0.0	5.65056351583775	0.0	0.0	0.0	7.93988309570527	0.0	0.0	0.0	0.0	0.0	0.0	100.5810280984462	0.0	0.0	7.604047185214627	0.0
PWY-5656	10.338644842709757	0.0	0.0	0.0	0.0	0.0	0.0	0.0	0.0	0.0	0.0	0.0	0.0	0.0	0.0	0.0	0.0	0.0	0.0	0.0	0.0	0.0	0.0	0.0	0.0	0.0	0.0	0.0	0.0	0.0	0.0	0.0	0.0
PWY-5659	7325.10196605362	2764.576028884798	3012.4052444782656	3003.129957128139	4242.727417240743	11271.74406797504	10336.154088325948	10046.428379738296	3812.703506764862	10197.393008095374	5725.513530053281	11780.364128899471	11486.70992391455	10789.121254680816	6186.437505338165	3733.906459066459	4557.012947207232	8221.419907426163	5229.859576244341	5344.252122575775	3078.468920057475	4012.300255396473	3877.9045982392668	2884.158758558291	4961.848999882539	3774.092064872188	1027.080598632471	4357.480882640611	4430.968776643589	3471.091246352826	3485.1416562457593	2061.263372958851	2826.2316271209434
PWY-5667	14410.804527562957	12585.690678388855	7400.85336414164	7365.63370709581	9224.204540876306	29071.334921602356	25741.75705242309	11420.461760686443	17431.52073877117	26033.709437531128	7889.364078954436	33421.963427430885	15113.339223208328	25642.84445352169	18001.71389866211	8884.75890956832	5775.489396372057	14358.059977118819	8038.3805791682025	14384.352488735702	8031.541453649993	11977.807985198659	11637.147603697182	8729.830585016218	15049.67325066635	13645.121510781606	5187.639064612373	12186.655731720433	11617.202879380484	14731.026810958914	10175.584850299476	7243.46523577142	6957.495061932427
PWY-5677	275.33259613526775	106.67718888797731	58.28366716206174	33.31437487938436	0.0	2.4911347517730493	0.0	0.0	0.0	0.0	294.29226025689746	0.0	17.482706289263785	0.0	0.0	0.0	6.2470924823222935	0.0	16.141388174807197	19.289755703078292	39.50138877676384	24.251137284227582	0.0	37.64116392705853	0.0	25.284612305889613	0.0	77.132488014696	31.071357684486088	0.0	28.080088896205453	179.0692319919496	15.262246400319418
PWY-5686	11624.557037736813	11632.937689260229	5945.093412597562	6470.078657636363	7912.212231350896	19032.105452084375	20291.281593017637	10426.761780800558	12328.33313710288	16884.078666260342	6676.859457623361	21862.061989711936	12011.640885068118	17217.736315587073	11524.936809692848	5998.864716092191	5123.036937083903	10939.648701804006	6814.745873988668	9383.082823996154	6141.522677918903	9466.539411995287	7940.971458399896	6175.5318995119005	12710.879017883603	8412.18810713064	2868.57874890791	9181.14304522334	8240.492627974003	12332.125810171709	7599.414855668029	5208.082088139354	4835.039753315031
PWY-5692	205.01423364428888	0.0	0.0	0.0	0.0	0.0	0.0	0.0	0.0	0.0	0.0	0.0	0.0	0.0	0.0	0.0	0.0	22.226549485630876	0.0	1.7035766482039327	12.09069576103902	0.0	0.0	0.0	0.0	0.0	0.0	0.0	171.26478652634944	0.0	18.370415362110315	1.6748392578606395	0.0
PWY-5695	10199.16053840029	3655.235816643544	5315.005494501177	5117.296684231677	6628.33668881319	17331.756052989804	11827.80347993046	5750.701044809183	6143.108842866875	11144.237750317652	6246.716775659816	12718.757431751577	12584.45496801275	11992.023951921707	6765.8561106289	4399.851548436363	3517.297811851113	8158.723434770432	8165.4409468969325	7670.495983830824	4803.731516921874	5344.316006359348	5800.218750303165	4144.059356126529	5721.902716319492	5040.863724736294	1444.4874293763116	6177.015125985555	5995.894102397376	6051.911742913091	5247.973738620066	3143.6422460283216	3673.168129903773
PWY-5705	278.1674592053709	0.0	0.0	8.4649461353959	0.0	0.0	0.0	0.0	0.0	0.0	0.0	0.0	0.0	0.0	0.0	0.0	0.0	57.97303697414215	0.0	75.44386719258605	20.464218589572123	17.13798162117679	8.194496633304395	5.09800529480593	7.797335155449265	61.948541764491644	0.0	24.84679908783087	244.8515217146895	21.543627911969175	55.02629183379123	31.30501390973619	12.66245481299178
PWY-5723	833.8974676550929	626.3483822349228	2824.2261109576843	3097.274782526285	2663.7228728055497	84.53858153325373	1599.0744841122553	187.98267575005303	1802.754498080911	390.80978861821393	240.84070869544772	2387.0026367921964	1316.8816502906968	762.9891158114187	143.6406214528934	63.309914159247235	13.969597557673486	363.2285481287167	37.45648367050256	1089.9159852644354	2549.188883820468	655.881600385366	1950.4908042990276	967.5454095054204	353.63793654921113	708.2306890357177	115.4633767753127	381.64684422070405	1989.0532756928599	1079.909157659024	839.3769738915969	1420.2947793565818	581.9260798749875
PWY-5733	5.0	0.0	0.0	0.0	0.0	0.0	0.0	0.0	0.0	0.0	0.0	0.0	0.0	0.0	0.0	0.0	0.0	0.0	0.0	0.0	0.0	0.0	0.0	0.0	0.0	0.0	0.0	0.0	0.0	0.0	0.0	0.0	0.0
PWY-5741	69.2902863408787	0.0	0.0	0.0	0.0	0.0	0.0	0.0	0.0	0.0	0.0	0.0	0.0	0.0	0.0	0.0	0.0	0.0	0.0	0.0	0.0	0.0	0.0	0.0	0.0	0.0	0.0	0.0	22.92276266951056	0.0	0.0	0.0	0.0
PWY-5742	0.0	0.0	0.0	0.0	0.0	0.0	0.0	0.0	0.0	0.0	0.0	0.0	0.0	0.0	0.0	0.0	0.0	0.0	0.0	0.0	0.0	0.0	0.0	0.0	7.932914046121592	0.0	0.0	0.0	88.29300741898457	0.0	0.0	0.0	0.0
PWY-5747	2109.2055600328877	264.16072192236516	842.1040897979359	764.6118850980506	560.4381182237073	6979.983691353968	10985.974673742743	1059.791685680387	8100.307848467195	7636.30855674917	701.2725988101143	11041.346108385656	2127.601288619432	7684.181647757905	6165.0674059226685	2278.508352219544	688.6648793565683	3518.4646395745617	645.3565662679232	4072.1781297766047	1578.6429665431535	1697.4314294997334	3020.1592380609786	3033.0633567077143	808.1702864558695	4694.987041169464	1898.550576688274	4859.752779200842	3418.6725457753087	1252.267702440328	3512.4262867147063	2596.4400212013124	1692.6029231629468
PWY-5749	35.62239793448443	0.0	0.0	0.0	0.0	0.0	0.0	0.0	0.0	0.0	0.0	0.0	0.0	0.0	0.0	0.0	0.0	0.0	0.0	0.0	0.0	0.0	0.0	0.0	0.0	0.0	0.0	0.0	0.0	0.0	0.0	0.0	0.0
PWY-5837	698.7696091800568	205.83658054582992	1653.9544108581217	1720.246936783373	1677.3971560456473	275.94350622599205	1487.1328368613251	197.14636574052525	778.5105009352924	374.88968528356236	246.1865106524517	2135.468790001988	76.43212396981215	796.2227713721021	144.72154463993112	76.17838468069857	13.95397826047967	566.3379184948524	174.82393571876116	641.7457746267863	1204.3916359551727	420.28837036089504	1062.461983211433	481.25054352935837	415.84750180223	521.503441871403	192.72970371588755	244.3103353724937	1189.7466814645147	530.15401503379	476.5346563942315	652.64450591637	301.0216297422123
PWY-5838	1567.056247555943	382.60846298814783	2108.5689291215335	2158.3375868228045	2226.0836465761736	802.8722958333541	3432.5021640812975	620.9244927722139	1649.4660243235533	1139.9123872270668	734.007505317864	4855.4550227230275	255.35396643812692	2168.2713845285357	463.1531458092825	234.5276584923823	47.29792364188248	1546.783524208817	528.4920953974386	1249.8542181334935	1721.4232399790233	834.5753428163016	1646.1416882372916	846.0984037201271	935.3037902753101	1101.9814755152895	352.21006075422633	579.0447302956794	2021.0466851840488	1010.903487847976	912.6884270334807	1123.357531463133	564.9957711024714
PWY-5840	1550.6744017917345	385.95092938733575	2110.3091283842364	2175.1198627019417	2242.925051288574	784.5418324139255	3373.7296409038136	631.3341914277327	1618.5860171649824	1133.8442659444995	746.8060956009024	4804.15490273651	256.0813090365141	2156.1469821789324	461.79812871065155	232.85251852088055	47.349155087716575	1549.3887895116907	537.3953943509226	1222.1109893314763	1706.5767992297099	829.6291487865403	1626.2156682217183	827.2273319993913	936.8056397996072	1078.285517406029	300.9345404894963	562.6036031833361	1985.9459011947977	1013.7402490036587	891.2840388599456	1098.4005993325409	558.4941190728283
PWY-5845	805.1024000568124	337.764346049672	1399.593306336451	1946.1989772124298	1746.617167505777	236.9557986484046	2431.90478524833	429.6094935912849	1474.9006912780173	698.461628000375	515.7909581945441	3246.5675025753026	111.7366253701658	1508.5016162659233	154.6559496524954	142.4161545332238	31.72142540705516	1073.1373013227737	205.14568658584793	1122.9060639069864	1637.6332007196256	725.8543224063444	1289.0414841906686	753.2542536782277	602.7374155475472	916.2081665474035	198.53005211496733	427.6265157453079	1782.4010211792586	910.4562870824204	723.9319078109794	1031.3057797687038	464.36380890790804
PWY-5850	1385.8289195938023	346.0000109636253	1399.593306336451	1946.1989772124298	1746.617167505777	415.7932713876591	2431.90478524833	429.6094935912849	1535.153362484878	867.3525395363123	515.7909581945441	3246.5675025753026	144.17242775777257	1728.1054217568153	310.8057547104084	207.8724173628336	43.08089576712903	1073.1373013227737	205.14568658584793	1122.9060639069864	1637.6332007196256	725.8543224063444	1289.0414841906686	753.2542536782277	602.7374155475472	916.2081665474035	198.53005211496733	480.0155805724552	1782.4010211792586	978.7626956405306	723.9319078109794	1031.3057797687038	464.36380890790804
PWY-5855	2988.878309050569	384.54711450428545	1153.5745053623602	1113.3988955187303	1109.7892320842338	9146.301651545782	12140.668338045938	1572.5112684396513	8614.874731966322	9339.091624229668	1079.4246486032946	12260.25249902703	2872.207253753787	9054.17955859747	6847.277152708216	2711.9877045248863	1129.2201601565826	4429.315452074822	1034.3522830331824	4470.038448995792	1928.5797155105836	2013.866524829079	3324.756557767229	3274.9356023321966	1388.1812354648425	5186.7194442838445	1979.8808647676028	5224.063993838635	4017.990892681318	1545.3955358010048	3962.439769637526	2806.558931794947	1943.9872157222221
PWY-5860	1023.2283507129495	274.6034268377306	1111.320312372763	1653.9173761733848	1427.0258219220511	281.4496444647017	1709.6285312424004	292.06766864321474	1084.8658215229054	592.0283270197308	356.13907852646025	2303.495149151197	96.61714757634458	1207.3336768738698	209.50611973322475	141.57507561459178	28.834727875874204	749.9817875565028	139.1005020573308	809.9608198496902	1334.7345229484195	535.3230153351749	954.2452660788298	537.9382317374824	438.4091054571707	644.7036340269348	136.75954791681775	329.5813078740047	1339.410614370055	781.1580516577461	510.066119849192	762.7343109097734	332.74441168488715
PWY-5861	1173.5394294759737	309.9033869846925	1853.658726520234	1890.8190581914364	1938.7948421337433	551.3397667954293	2468.3988280168137	425.8809930412658	1170.8818860679767	783.9458103536404	514.5852118535847	3558.372499071329	171.8177619413194	1533.5914215527102	313.90922028942845	160.17273716823814	31.66957054813555	1104.546162434168	368.26530752054884	909.9612252431572	1419.187306496294	625.4605316708676	1257.0473877090071	609.5949859841838	716.2884473918106	784.2508746399405	249.04152210470372	400.0435989263264	1545.0571094909976	812.0675386276432	652.73797725791	839.0046185307261	411.52756036316526
PWY-5862	568.818083076373	266.85729225749435	1111.320312372763	1653.9173761733848	1427.0258219220511	159.3430983648057	1709.6285312424004	292.06766864321474	1039.8366293225213	474.54435285228544	356.13907852646025	2303.495149151197	74.79237688773291	1047.5229363395372	103.67085317119187	96.33968337289905	21.20943047455607	749.9817875565028	139.1005020573308	809.9608198496902	1334.7345229484195	535.3230153351749	954.2452660788298	537.9382317374824	438.4091054571707	644.7036340269348	136.75954791681775	292.6554092521101	1339.410614370055	716.7795693259761	510.066119849192	762.7343109097734	332.74441168488715
PWY-5896	805.1024000568124	337.764346049672	1399.593306336451	1946.1989772124298	1746.617167505777	236.9557986484046	2431.90478524833	429.6094935912849	1474.9006912780173	698.461628000375	515.7909581945441	3246.5675025753026	111.7366253701658	1508.5016162659233	154.6559496524954	142.4161545332238	31.72142540705516	1073.1373013227737	205.14568658584793	1122.9060639069864	1637.6332007196256	725.8543224063444	1289.0414841906686	753.2542536782277	602.7374155475472	916.2081665474035	198.53005211496733	427.6265157453079	1782.4010211792586	910.4562870824204	723.9319078109794	1031.3057797687038	464.36380890790804
PWY-5897	1457.0903446335813	363.05602689986273	2072.2827797979053	2117.237043473954	2187.719136001367	718.7066105714341	3166.7865487827203	559.0478575722149	1526.5838813894968	1016.7830988708741	667.461070786693	4504.564987658274	225.0094425713648	1966.2056443886734	409.75193442412484	208.57050446067717	41.504497890735735	1409.5442125936208	479.2359166613852	1167.8340994974196	1662.6965571038115	782.1816301229045	1572.746736595065	795.6041161223319	876.3312009694897	1020.8513986904748	329.34658884403484	529.1269985115665	1920.1213788700518	956.2327317912958	852.207377983898	1061.390265813341	529.3760909700769
PWY-5898	1457.0903446335813	363.05602689986273	2072.2827797979053	2117.237043473954	2187.719136001367	718.7066105714341	3166.7865487827203	559.0478575722149	1526.5838813894968	1016.7830988708741	667.461070786693	4504.564987658274	225.0094425713648	1966.2056443886734	409.75193442412484	208.57050446067717	41.504497890735735	1409.5442125936208	479.2359166613852	1167.8340994974196	1662.6965571038115	782.1816301229045	1572.746736595065	795.6041161223319	876.3312009694897	1020.8513986904748	329.34658884403484	529.1269985115665	1920.1213788700518	956.2327317912958	852.207377983898	1061.390265813341	529.3760909700769
PWY-5899	1457.0903446335813	363.05602689986273	2072.2827797979053	2117.237043473954	2187.719136001367	718.7066105714341	3166.7865487827203	559.0478575722149	1526.5838813894968	1016.7830988708741	667.461070786693	4504.564987658274	225.0094425713648	1966.2056443886734	409.75193442412484	208.57050446067717	41.504497890735735	1409.5442125936208	479.2359166613852	1167.8340994974196	1662.6965571038115	782.1816301229045	1572.746736595065	795.6041161223319	876.3312009694897	1020.8513986904748	329.34658884403484	529.1269985115665	1920.1213788700518	956.2327317912958	852.207377983898	1061.390265813341	529.3760909700769
PWY-5910	743.9125379792737	0.0	0.0	58.42286929071851	12.967013813242511	30.7712975092111	0.0	0.0	9.970096195256108	0.0	0.0	0.0	19.93300900780612	0.0	6.986897953820954	19.248674054794495	200.19996655608134	80.3654421791513	34.77854236464818	0.0	0.0	5.995362642468043	4.992886653177264	4.989578259665708	11.639124144458384	35.01217540767546	0.0	0.0	261.6188650073353	0.0	0.0	0.0	0.0
PWY-5913	6215.310390351703	1469.9651687504502	2554.6132643613078	2187.131626885603	3179.6566579305327	13306.290646655842	17936.80297469403	8636.287961499624	11460.491524612939	12590.668212250712	3128.4632891682522	17328.35094329504	7127.844218324441	14042.812915155891	8765.642594675857	4357.2426647373095	3548.6982372176094	8452.583486498504	2432.2482471476815	7175.987693900909	3417.0210069799236	4584.397553885338	5345.649226438501	4815.691363451379	4351.2472629949625	7029.326656811812	2614.9109767369196	7620.10671464371	5491.33727909161	4169.816825242415	5713.9923797536585	3785.3011336244217	3286.7420361171075
PWY-5918	4156.272929931865	702.8461524014984	2700.710742891636	2831.3102641198807	3172.7351389843866	10576.10287123175	15150.158215083524	7923.0146794776365	9378.574387821633	12468.361037936145	5131.715105273938	17070.331485938183	9368.397302124557	12279.260096474625	9232.623920798082	3415.0369693911143	3919.7257624067224	7203.464103993964	4297.844738615051	3906.4507401678907	2712.876060027606	2319.116866455002	3423.9194488416333	3510.0417562930793	2355.2234905848077	5549.817360000823	1926.8223945638736	5502.666757110481	4727.362786374698	1954.870412274593	4398.155404868263	3251.0299951349984	2269.7245410444852
PWY-5920	3381.471529036726	502.0839929115078	1699.1528737446326	1604.1225764064623	1565.527315483045	3403.187271494175	9656.666498881332	3011.3639646534816	2544.934033930726	8217.077763126674	2005.7450981547722	12235.558096515993	5066.624384125095	8512.183175135657	6176.949191611497	1791.6447972693666	1878.2296538123906	5858.877040831719	1848.231794987415	1899.2621460976015	2128.08809710343	1410.6351639579343	2348.721545376807	1599.0278843742828	1831.0196452411521	2388.0265539419174	226.4594369459533	1060.6031132253124	2931.7641675625223	1328.6091644981548	1480.3912822105647	1882.461035218868	901.6682226011324
PWY-5973	11662.916985353333	11803.19422352322	6577.396727206177	6512.3222930937445	8109.789406693071	19850.27318736716	16383.90395056599	4609.883851129197	12509.431848515787	15055.25836067989	3624.6498519435577	19024.050944141414	6548.933886813022	15362.080192790001	9758.253057408294	5811.79172537958	3254.3331086890216	8322.130686151393	4980.359200237819	10563.41784183523	7143.196736080848	9812.934944933977	8529.844029526004	6453.312596741259	12487.569147094118	8973.875453773975	3296.748586333652	9201.707531285761	9092.960814381153	12986.173891689998	7720.448084372825	5580.830547932479	5299.964856863982
PWY-5989	4716.348630341905	798.5860520772572	2188.947576679336	1381.0596531055203	1937.019624387872	13715.089647014536	1219.5391012452592	2377.995515988316	5814.450005369589	12514.31379104285	1768.7233711874062	16614.11742539944	4541.516259341323	12763.5429073557	8907.373603472162	3756.7587270515296	2285.542522080665	6402.56671375575	1687.9687987756247	6843.952871024866	2997.6665446052743	3750.1916839659752	5422.809324854974	3362.5575543325754	2629.1812859231723	7188.681049059918	2931.1208977710485	3705.532612836143	6414.1494914724	2758.357462927932	3591.2640490542117	2995.9645873847617	3045.93507512653
PWY-6071	165.1886969007271	0.0	3.624036313283713	10.42572601294565	0.0	0.0	0.0	20.668437593916803	0.0	0.0	0.0	0.0	0.0	0.0	0.0	0.0	0.0	27.74072620242392	0.0	45.67935495352951	17.7966389423337	29.88244516580219	30.085394791088184	25.023569883713915	0.0	50.02225930834422	0.0	31.978772002824996	294.99456792972455	48.97085311212774	12.689217621608162	39.40962810638262	26.198014807044764
PWY-6084	19.838355101513	0.0	0.0	0.0	0.0	0.0	0.0	7.272727272727273	0.0	0.0	0.0	0.0	0.0	0.0	0.0	0.0	0.0	0.0	0.0	0.0	0.0	0.0	0.0	0.0	0.0	0.0	0.0	0.0	18.54630700005066	0.0	0.0	0.0	0.0
PWY-6087	13.768485924271284	0.0	0.0	0.0	0.0	0.0	0.0	0.0	0.0	0.0	0.0	0.0	0.0	0.0	0.0	0.0	0.0	0.0	0.0	0.0	0.0	0.0	0.0	0.0	0.0	0.0	0.0	0.0	0.0	0.0	0.0	0.0	0.0
PWY-6089	13.768485924271284	0.0	0.0	0.0	0.0	0.0	0.0	0.0	0.0	0.0	0.0	0.0	0.0	0.0	0.0	0.0	0.0	0.0	0.0	0.0	0.0	0.0	0.0	0.0	0.0	0.0	0.0	0.0	0.0	0.0	0.0	0.0	0.0
PWY-6093	14.426502241840097	0.0	0.0	0.0	0.0	0.0	0.0	0.0	0.0	0.0	0.0	0.0	0.0	0.0	0.0	0.0	0.0	0.0	0.0	0.0	0.0	0.0	0.0	0.0	0.0	0.0	0.0	0.0	0.0	0.0	0.0	0.0	0.0
PWY-6107	13.42249661728009	0.0	0.0	0.0	0.0	0.0	0.0	0.0	0.0	0.0	0.0	0.0	0.0	0.0	0.0	0.0	0.0	0.0	0.0	0.0	0.0	0.0	0.0	0.0	0.0	0.0	0.0	0.0	0.0	0.0	0.0	0.0	0.0
PWY-6121	11627.019762951822	10771.548832256209	5751.553576643826	6342.722915193151	7966.874840832374	17881.62760963566	22113.40710430967	16114.426657841062	11253.461854597314	17953.810269424594	8916.329782018545	24522.6769438902	16304.363806135592	19497.626234751282	12444.012815190237	6013.175109194892	7505.536770852758	13643.291057969102	8318.176804560604	8766.77145321076	5715.500538569294	9043.953057371598	7536.26444120643	5798.069339557646	12617.661804382364	8126.997124758051	2699.577203912847	8417.385258810114	7953.51583857628	11452.028870866898	7111.845774805723	4813.989205946313	4576.902289699002
PWY-6122	12056.645430990739	10796.111774742449	5874.074262294562	6432.629485665926	8364.09849767769	18361.35625028398	23173.765765026128	16873.12322474723	11274.709151398765	19838.630231141226	10587.573260159254	26872.764731130694	19041.46666449559	20670.542629143474	14034.36695388298	6285.69604493725	7990.16002055543	14599.433074482886	10047.169291996937	8811.941361697096	5738.044044314505	9144.050424830788	7718.926498321065	5884.209002066985	13008.497155996776	8319.816888161462	2681.416148918035	8442.637604301402	7961.547648858383	11486.620676655353	7150.444495364494	4821.588518689634	4606.223275097733
PWY-6123	10599.154119495104	10699.834817912853	5480.0664519862885	6160.878286002402	7331.015115489442	17027.25776873314	17994.026925858074	9897.51731805083	10900.347432747261	15139.082034087653	6224.316643733557	19740.58978634892	10975.064158019055	15743.800075343825	10332.3108086882	5406.819834143167	4932.741818107478	10060.796453643228	6658.923597893074	8546.230754767872	5601.783039905135	8699.383656082886	7286.700724687812	5612.427407220366	11658.339426366907	7598.508866320043	2636.57344709257	8306.16459135382	7375.258617225241	11304.704047180741	6926.043013692326	4739.659888137313	4421.544210607342
PWY-6124	10636.694095561847	10721.408225672747	5521.9740063828385	6266.80021832886	7395.370563813371	17026.1117854345	17990.073529419267	9529.774812037364	10853.075799619397	15143.923713712707	6176.846356147128	19767.347604913015	10956.193693524934	15625.986476761795	10332.881159265733	5389.682045520252	4850.302266056593	9976.496243015177	6758.229132424946	8578.889850186526	5670.137063910643	8728.080878429442	7350.552446881403	5637.641423367383	11671.127191783798	7638.015903239544	2638.1940915984446	8355.08594487979	7431.215854362143	11345.486521996312	6977.058901985834	4791.0321062581725	4441.70538030849
PWY-6125	11610.359535727512	11679.637469712025	6040.945898426008	5896.805593835958	7862.622926155753	16141.463483218706	20887.482058259364	11418.40282527684	11587.135843393628	17322.249814104787	7281.397072519471	23471.790084752873	12637.080659956728	17808.494700960302	12381.918239254688	6165.3813535781	5632.305929163924	11520.482374183219	7356.695450062953	9281.62811105568	5972.129470306791	9376.403515194736	7910.509947581448	6002.502523753728	13057.876389274179	8216.1303619282	2854.1785809739376	8952.886179337118	7784.86636706651	12797.701511306357	7353.486770811746	4849.8812119836375	4631.666116509475
PWY-6126	10991.175413553705	11071.5626851197	5641.761295054425	5601.904056422727	7342.600992094436	15737.215235912414	19196.12830955411	9804.33098005434	11451.821713271398	15804.490383028726	6189.3094646175505	20923.35936605865	10846.56423702269	16147.19204399237	11044.944720757474	5741.244484366756	4876.157424583107	10263.142017164884	6327.917275692569	8951.584549690448	5738.3845366903815	8951.096249513646	7493.736533718261	5822.835250919227	12343.867571266586	7840.645387642991	2816.465215758288	8716.034458070873	7425.994374210131	12194.898233354668	7105.830393313899	4727.196707505055	4493.695393841209
PWY-6138	12.015157775677421	0.0	0.0	0.0	0.0	0.0	0.0	0.0	0.0	0.0	0.0	0.0	0.0	0.0	0.0	0.0	0.0	0.0	0.0	0.0	0.0	0.0	0.0	0.0	0.0	3.5108354920985403	0.0	0.0	42.699407630850494	0.0	0.0	0.0	0.0
PWY-6141	137.2769086462884	0.0	0.0	0.0	0.0	0.0	0.0	0.0	0.0	0.0	0.0	0.0	0.0	0.0	0.0	0.0	0.0	0.0	0.0	0.0	0.0	0.0	0.0	0.0	0.0	0.0	0.0	0.0	0.0	0.0	0.0	0.0	0.0
PWY-6143	1038.1441482260584	169.4988936862676	248.36314934645878	517.0543760158075	637.4115557759645	4.003636363636363	63.446444837864334	68.43170908310762	22.605338584252863	7.7107119444080245	33.911336383852905	79.40738862669932	123.82143468852678	89.74016284121295	39.269003879660495	68.16625778167472	111.92406905218598	42.93377907978631	127.95371714933856	132.53519629028787	178.36665755359732	255.66274900897443	104.50653367423992	174.6246059148077	209.79360144667564	165.60944640658397	79.58812829255407	186.1183972293309	291.0123887752013	94.88838588125017	355.2858700172439	92.02092316022366	281.4845017618732
PWY-6147	11400.210636446785	10495.597313661901	5653.512458470186	5845.1235281819845	7191.691877216503	17164.419714234053	19354.379943472202	11843.274021205663	10392.417546226965	15654.53845557365	6765.25826733677	20734.849868679714	12593.088234129575	16519.90862299566	10423.732820857396	5551.8322519610165	5821.289536764151	11074.16196433815	6429.931216949448	8542.396554645402	5605.248322505888	8575.860418895227	7073.423310368027	5552.7267720275595	12058.968494801744	7772.300679819679	2651.9948276831483	8334.01114180004	7356.251486840037	11183.53319754392	6943.728699036755	4766.181231257489	4277.12166794698
PWY-6148	190.0534902394436	0.0	0.0	0.0	0.0	0.0	0.0	0.0	0.0	0.0	0.0	0.0	0.0	0.0	0.0	0.0	0.0	0.0	0.0	0.0	0.0	0.0	0.0	0.0	0.0	0.0	0.0	0.0	0.0	0.0	0.0	0.0	0.0
PWY-6151	10032.701729812821	10432.571085598409	4365.940493901757	3907.9625521640614	6269.5946729453235	16516.6027016859	16907.058397347402	5866.74951824679	10758.147567108914	14596.67746767083	5360.330926595139	18113.31618184423	8630.01313055699	14025.557768099112	10164.2992412263	5267.344754094213	3323.40206166475	8496.903514495412	6039.677699045344	8360.986989363675	4574.368119495714	8357.54231583909	6484.367779104476	5245.435452628663	11326.40137155408	7111.350829329787	2605.360546013201	8053.861126510826	6307.998635993774	11340.96482970316	6485.696713168099	4025.9636048680313	4192.125880422724
PWY-6160	175.58513443576282	0.0	0.0	0.0	0.0	0.0	0.0	0.0	0.0	0.0	0.0	0.0	0.0	0.0	0.0	0.0	0.0	0.0	0.0	0.0	0.0	1.4926103202532106	0.0	1.6857178686391905	0.0	2.769069070864911	0.0	1.3406412516878308	2.302373030989988	0.0	0.0	0.0	0.0
PWY-6163	10627.206821296522	10751.959409264286	6105.228015422941	6475.3626513718755	8053.773862321596	17384.49887275955	19385.442133052115	11401.453061021793	10499.036678914681	15695.304561000366	6451.298114295817	20586.694680721852	12353.290619619042	16351.090200627652	10439.23037934838	5516.963006140881	5482.727428119614	11027.5902563628	6617.3751385968035	8609.885489938577	5812.172382504934	8748.015506079011	7583.927625711089	5717.196564669347	12035.711548509094	7767.454335138227	2683.4617833859525	8304.9164807352	7724.318404859255	11228.237814547147	7067.258514785948	4781.930638528833	4549.437287268722
PWY-6165	455.6777377169865	0.0	0.0	0.0	0.0	0.0	0.0	0.0	0.0	0.0	0.0	0.0	0.0	0.0	0.0	0.0	0.0	0.0	0.0	0.0	0.0	3.9791625123359955	0.0	4.49303729690719	0.0	7.379797994296582	0.0	3.574081572411074	6.136608321869493	0.0	0.0	0.0	0.0
PWY-6167	520.3099439037964	0.0	0.0	0.0	0.0	0.0	0.0	0.0	0.0	0.0	0.0	0.0	0.0	0.0	0.0	0.0	0.0	0.0	0.0	0.0	0.0	0.0	0.0	0.0	0.0	0.0	0.0	0.0	0.0	0.0	0.0	0.0	0.0
PWY-6168	6423.785860131826	1668.443337594291	3528.85886792007	4005.598764417532	3947.1295345524813	11193.922694542816	13234.065276593383	5918.917186630977	8294.932311304361	11983.790362374637	4099.48228588628	12078.337270106214	7217.230600105448	10975.82658009726	6828.266480977772	3780.9611265239537	3047.8794970254917	7354.779566763695	3093.8741206279183	6000.398777523491	3867.4467903752875	3784.5207214335305	4895.204812109764	4027.143628290522	3606.622736638676	5615.252359287118	2060.4049805147497	6168.673764546663	5485.0143167235765	3392.0778549057272	5101.69373478926	3567.32895991809	2925.0413731045255
PWY-6182	151.62695031130758	0.0	2.404619743143334	7.148647522461848	0.0	0.0	0.0	14.541530367922302	0.0	0.0	0.0	0.0	0.0	1.3657128622436268	0.0	0.0	0.0	124.71033058645465	0.0	77.19388723671852	101.02298472724286	21.4642561021078	47.65216546087872	30.362086777014234	0.0	95.05915030376791	0.0	38.6163892282217	355.6883908727962	67.89833451649412	72.27917060927759	82.89098295115079	27.782515090734247
PWY-6185	152.88251880259767	0.0	2.7410677840495334	8.402737977227064	0.0	0.0	0.0	13.890768051233481	0.0	0.0	0.0	0.0	0.0	1.5067959030360774	0.0	0.0	0.0	119.81912015653165	0.0	81.79881635567435	94.64586886956313	25.437431224654315	50.678428476214364	34.53685969291397	0.0	98.03650220459636	0.0	41.93887708272331	364.93013609725693	72.44785258935111	67.49973762564183	85.03193036162986	32.90074971278647
PWY-6193	13.768485924271284	0.0	0.0	0.0	0.0	0.0	0.0	0.0	0.0	0.0	0.0	0.0	0.0	0.0	0.0	0.0	0.0	0.0	0.0	0.0	0.0	0.0	0.0	0.0	0.0	0.0	0.0	0.0	0.0	0.0	0.0	0.0	0.0
PWY-6210	61.96857030134384	0.0	0.0	0.0	0.0	0.0	0.0	0.0	0.0	0.0	0.0	0.0	0.0	0.0	0.0	0.0	0.0	2.852742566046677	0.0	0.0	0.0	6.331545235031304	0.0	0.0	0.0	5.664880212954747	0.0	0.0	52.7939272403879	0.0	5.48027313447227	5.309734513274336	0.0
PWY-622	6857.848583789764	4236.22197543747	3445.3193775871096	3535.724398263508	5342.11101431522	11191.580177248332	7603.15174694964	5874.76601139075	2154.490611229772	8399.08471065507	3805.8959525113905	6311.365738299154	5474.425176824225	8365.040006092784	3597.6623912262476	3779.0736546785984	2999.2427242697454	6010.08142381989	5159.183384241528	3118.495643761519	2789.632131146718	5451.7245387124385	4386.537661612053	2400.710334062482	8165.246948496575	3541.0520232008957	447.5188292499556	2370.9261417781345	4096.669666444297	2293.0193420702453	3147.2159106740123	1800.716673961175	2354.0617452531815
PWY-6263	1510.6180759912268	301.00663399163136	407.7975718356839	330.10425284243956	374.6745049600601	10.874262408939831	247.45885836845838	161.37042902757833	54.71826437925655	28.842023295861196	302.8337720927477	349.27586527703625	121.13010235687511	666.0343577653836	129.0441699707058	133.7153262693327	148.51640265456768	304.3953097293604	113.2903172651558	370.1129368822615	492.9932815927531	487.70193323498495	268.58078366534306	354.1824127820922	308.88086081456635	500.4091630229189	62.48253777131196	378.6591793141108	425.83925758157056	360.72686635284356	350.5065805377106	343.72085797004917	431.61413217909336
PWY-6269	1286.1377992797643	522.3965288369448	1962.8786372799364	2671.328092077086	1820.7751381385417	210.81317287908172	2798.4324191954747	5356.37696586657	933.0346449353376	839.1412187602169	1618.2137017649843	2834.6719949937833	3471.367136739844	2989.3230272799224	346.07056301160605	312.42274356396194	2463.1887925720093	2647.6455103235503	415.9266754783708	720.8860871235968	1746.4912734514296	640.6938860033148	1401.932314348807	639.2745168439355	679.8903907600635	852.4181449237304	69.03577423650081	404.9418705194776	1772.9276939435679	653.9445787806102	770.6019600090763	1171.958598724842	409.8048837593268
PWY-6270	5405.870707535662	1685.4482292211874	3436.30228184211	3719.1599368366406	4287.680214699693	9852.871456613642	13708.035671086329	8006.340515337309	6622.044177498254	11321.506064972958	5368.627977361616	15785.430339361299	9613.76488218435	11955.811207808401	8293.350010364034	3415.834825774897	4190.61731678847	7924.812291756095	4552.658001691077	5248.73471835546	3505.4618785038074	3490.8986318487996	4592.714570225827	3496.8344556369707	3189.646772149805	4833.752387492704	1442.269873107941	5170.699866887142	4806.277913916196	2614.055826149327	4365.970676599411	2644.4868638547873	2738.0620870447788
PWY-6277	12056.645430990739	10796.111774742449	5874.074262294562	6432.629485665926	8364.09849767769	18361.35625028398	23173.765765026128	16873.12322474723	11274.709151398765	19838.630231141226	10587.573260159254	26872.764731130694	19041.46666449559	20670.542629143474	14034.36695388298	6285.69604493725	7990.16002055543	14599.433074482886	10047.169291996937	8811.941361697096	5738.044044314505	9144.050424830788	7718.926498321065	5884.209002066985	13008.497155996776	8319.816888161462	2681.416148918035	8442.637604301402	7961.547648858383	11486.620676655353	7150.444495364494	4821.588518689634	4606.223275097733
PWY-6292	1673.3874574716644	407.5192408249545	1291.2544360888446	1191.291256565207	1025.3172844532305	2244.7988950506697	4485.07631399554	2337.8055625818643	1498.8418667020535	2323.196890405869	1104.9456005215322	4468.465629792929	3598.0780878746623	4912.045402629446	738.5224111112163	712.4267785528998	1393.3087499660014	3543.820186155032	558.8753929792114	1242.836830660928	1796.8384781747097	988.1421329879804	2090.642584225795	1009.3475330888285	1109.345425966958	1503.4754577378353	161.9578675987882	893.6701369920237	2522.0584624429302	1024.0948843738026	1099.5612386979099	1342.8069827109764	636.8862413024945
PWY-6293	443.80753120448577	60.93237233776671	89.21758236660165	392.3320612920878	54.517953880259	0.0	37.45028283834301	39.88578747613002	183.9094581183867	0.0	2.4992635138224015	136.64170601540275	388.7521092573131	76.34390008300682	0.0	0.0	0.0	14.359847517759164	135.32773252082154	87.72625429520944	111.11067543333522	457.40017149992576	251.03901327726513	41.63823370153649	9.164904299752955	66.09859926235978	14.936277456088225	121.17176291127565	610.9291746781548	90.49578925548015	413.4262078938512	22.415696287000653	247.73135828646463
PWY-6305	1503.451847663314	245.5995632406638	249.84982989346918	602.6503574165315	782.5782947563495	1289.511616505659	1432.6376530348246	511.1593592071223	196.15460189523634	1104.2342912797326	348.9046777211836	1881.2093011823813	1047.1977305453731	1180.0379322474116	670.7401491529462	877.9823443960181	550.7555467237709	705.5963591995107	1057.1423730986942	441.6504366367819	601.9322637027661	467.4551173022249	388.7115265953061	280.2634359160753	1000.5107744043223	627.8381130261748	118.04719051154116	537.9462748204952	1374.92375005827	492.26653602212383	385.44375744619134	417.7815458912516	264.35762637374705
PWY-6307	40.915501969384536	0.0	18.65416176622343	0.0	0.0	0.0	0.0	0.0	0.0	0.0	71.33522985751806	0.0	0.0	0.0	0.0	0.0	0.0	4.69303647545699	0.0	8.249322578016256	11.36430812646482	0.0	0.0	0.0	0.0	21.359669145666505	0.0	0.0	131.0577075868671	0.0	0.0	22.321050759337805	5.380128455926746
PWY-6313	1056.3726468849438	10.798668885191347	40.2326168308777	54.8380393044552	102.30799176466482	336.9556048834628	287.17504796590765	831.5669151112671	35.81046247156937	1075.2209640351512	103.47851335656215	366.2743408581768	1904.8679305299318	450.12020851762924	67.2192844785828	161.44107658061347	382.50544662309363	868.6953289437106	113.30109049755467	142.69533390934947	14.969354208669355	28.37735500816355	15.887370452433705	26.308748068006178	408.1464646464646	151.22701119724377	9.714285714285715	32.295825613079025	397.3349321578908	83.37879134496234	20.709135843515362	29.003477333333333	34.717699222475936
PWY-6317	9351.99641642996	11368.046384897441	3668.126682130208	3493.7783651002555	5923.482446622474	13569.148123853936	13365.05947744556	9612.968525660279	4358.352256473153	12338.249500541277	6226.549047284121	15504.771778975999	11184.981427767987	12230.362482827077	8528.434783974066	4285.2534424296555	4098.712193716615	8579.297882443605	7085.807789099251	5049.900620547949	3388.293742312049	7548.697286300184	3963.5933173579115	2759.4375861923377	12235.207108438517	3500.4076835946007	915.2372305655318	4138.638635848779	3936.3261662341692	11233.949792736279	3533.67320331456	1931.3485535295845	2907.7107357417235
PWY-6328	43.96249658682937	0.0	1.8392313979041424	0.0	0.0	0.0	0.0	0.0	0.0	0.0	0.0	0.0	0.0	0.0	0.0	0.0	0.0	19.949453718687153	0.0	9.284455107603375	14.568476409067245	6.824377337877164	5.835724443642126	3.6639035418236627	15.992197025115829	8.41918900161098	0.0	6.661659218086904	153.192219763246	10.330235751445645	17.79507819469067	7.301742189013928	5.832954669398952
PWY-6338	14.183888633418334	0.0	0.0	0.0	0.0	0.0	0.0	0.0	0.0	0.0	0.0	0.0	0.0	0.0	0.0	0.0	0.0	0.0	0.0	0.0	0.0	0.0	0.0	0.0	0.0	0.0	0.0	0.0	0.0	0.0	0.0	0.0	0.0
PWY-6339	7.827950395608315	0.0	0.0	0.0	0.0	0.0	0.0	0.0	0.0	0.0	0.0	0.0	0.0	0.0	0.0	0.0	0.0	0.0	0.0	0.0	0.0	0.0	0.0	0.0	0.0	0.0	0.0	0.0	0.0	0.0	0.0	0.0	0.0
PWY-6342	0.0	0.0	0.0	0.0	0.0	0.0	0.0	0.0	0.0	0.0	0.0	0.0	0.0	0.0	0.0	0.0	0.0	0.0	0.0	0.0	0.0	0.0	0.0	0.0	0.0	0.0	0.0	0.0	17.472314764681062	0.0	0.0	0.0	0.0
PWY-6344	1511.8373392459278	69.89167635758729	0.0	55.38972482291618	23.430306413903395	180.2584713497194	111.3942348539191	454.0369534832345	36.74859030698138	23.9292264278183	166.31299106524935	531.8189962496475	2428.2386676185106	749.2220285419984	240.39444948687904	0.0	344.3571280825591	223.096071980488	332.665016038171	35.08667428005384	132.10468046742002	88.47094785657211	51.40882421749765	15.907066916819344	44.919613926218865	153.42941606815143	4.513758798430736	0.0	295.9982618584705	27.809325837432596	42.20854548238462	11.566114933027455	15.517135459830092
PWY-6349	186.61082120443257	0.0	0.0	0.0	0.0	0.0	0.0	0.0	0.0	0.0	0.0	0.0	0.0	0.0	0.0	0.0	0.0	0.0	0.0	0.0	0.0	0.0	0.0	0.0	0.0	0.0	0.0	0.0	0.0	0.0	0.0	0.0	0.0
PWY-6350	174.80413134414556	0.0	0.0	0.0	0.0	0.0	0.0	0.0	0.0	0.0	0.0	0.0	0.0	0.0	0.0	0.0	0.0	0.0	0.0	0.0	0.0	0.0	0.0	0.0	0.0	0.0	0.0	0.0	0.0	0.0	0.0	0.0	0.0
PWY-6353	1849.740593217403	328.84909835910014	1073.9060610989663	1498.6090731853997	1966.9643742996773	21.522114852021478	361.39212443299823	269.3772889497063	393.4424091919682	134.12338951444306	159.03361689259063	527.112973932585	188.97437250608175	407.9463927698297	152.40091353239558	82.81097135718127	59.78389114733734	866.8506331488151	43.460559612747296	804.6695297362223	793.6913992242402	500.9014121412285	1317.8206127948854	590.6947127898703	534.9113343417259	630.1511988889118	93.66528279611462	289.460877894622	1975.9779703199238	496.21162528429113	719.818774192154	426.93959897201063	662.7416991410647
PWY-6383	1809.9245795653512	210.10573724570668	836.9481091034409	620.2759070379063	1325.0768921368533	1977.0662822856916	5680.759401845836	7417.542211218339	397.40212851762584	5317.96446886816	4409.322334807879	7650.142432058486	7854.728099003965	5876.948478003281	3950.9769175827196	1195.6718716133548	3234.3388435081206	5037.8789374001135	4050.4950148528233	450.7118354952515	209.49548224594636	714.1816675012055	912.8857228344775	393.24175120647743	1926.3265313512527	978.6936028428175	30.472439022656115	214.1493222810051	780.6848544285198	219.8424875522332	318.74891796951454	145.30375742107609	221.03859362803894
PWY-6385	12623.392315990915	12860.036225592336	6541.0619623353705	6805.622146193077	8624.450592705356	19808.66727777768	20550.940085465987	10831.746794870449	12218.330361754748	17347.354023534415	7031.120009621404	22159.447472379063	12431.680571215327	17681.875674724248	11715.336856108253	6310.222072554615	5273.318544360169	11423.751588732624	7536.854082949032	9977.515645153746	6524.60427142044	10244.267858544214	8300.408247763018	6307.460158844165	14036.6955600469	8446.527630907261	2884.5196823534675	9331.356875179987	8312.239505136715	13967.750162767503	7738.142003913921	5212.470078785474	5107.361136830875
PWY-6386	11570.736993661032	11746.28432291178	6188.785742341596	6515.218846858698	8018.81323988384	18000.480396401807	19461.046327247175	10596.155499814166	11515.773599584682	16098.578153023203	6877.489821542421	21174.16749320421	12136.602488889546	16655.302404320788	11090.140230449531	5795.242696826635	5195.444831091536	10820.241327423768	7112.762452436881	9266.630991800104	6145.629048412023	9430.688054099348	7818.608644508087	5922.861301130267	12760.78129949214	7931.72939629208	2704.7609552849044	8709.5466092324	7801.485282881088	12807.317811623056	7266.500175972113	4949.520336364971	4750.14927262623
PWY-6387	12011.59482702427	12265.10566829872	6297.747660032095	6565.958090524345	8246.519254875582	18841.833840698713	19550.567220015655	10611.040044551228	11641.352472681026	16537.045653065325	6939.199261808063	21236.586539562228	12216.555831195657	16856.206169985533	11205.909947465609	5993.499377524758	5170.613212751427	10940.849339129123	7295.340288699037	9503.774355716372	6241.646256054975	9763.931114984845	7934.644252587892	6014.729923631106	13323.710703000845	8036.650388206528	2740.7636616745017	8892.00866889639	7928.823153549121	13312.466921258396	7384.80590522672	4986.743933126823	4873.625039328236
PWY-6396	881.4700293353156	600.3872169571657	962.1829432372955	236.51503085749556	1283.568942612193	2819.249996127693	112.99668251370989	502.43538697805513	332.6365347877848	1332.7549499815955	33.75425328817293	642.8791470132295	89.23493927177607	1399.7164974730406	320.4079678322487	381.2664058452064	35.70129706966362	362.08561030203936	84.02153902028535	938.9190521162913	401.68011368618676	398.09655931990386	239.2328165122118	359.4878115382766	642.0556361580201	511.17006785962246	61.00375793702217	242.42457001296697	311.1831984318645	270.60294603012306	148.1025289900736	193.988715512516	385.6059767178458
PWY-6397	63.52767295148677	0.0	18.162369769209647	14.32952501661936	51.40036812521616	8.818601866231203	2289.7061562001636	5395.390224093863	208.9637384567623	458.2817638560508	1068.0026313552041	1779.621293586942	2507.441998379913	2349.387189722539	140.5281346523957	214.6863615158935	2114.5320023158806	2323.494770157375	241.58266781222665	89.08662500114134	10.393821593247626	5.790436054324989	40.728448046185434	7.314252051936456	317.5343499249602	174.00990985682165	2.617268787764986	2.9440403340916554	137.3203380522888	2.0935607951341693	13.41855285333203	11.477719554787782	5.925999800528011
PWY-6404	245.14075762098463	0.0	71.24453833218854	56.4221618727717	198.50160781510718	35.195108038154665	6439.795950108834	8422.251019353658	712.7712730796056	1673.3770341237987	2897.6707683907866	5510.283775517684	5979.696578752384	6305.321987266949	539.047506934201	734.3042857126637	3756.7154813609613	5519.513572061526	870.5897907263382	330.10484687094527	40.837431004332316	23.02952776953295	158.12029544424232	29.01138483975719	1040.2262511738534	629.6794711545402	10.241432604140714	11.725300207800204	499.6988881579183	8.341308182402233	52.811537961127556	44.78444444352283	23.44962904592338
PWY-6421	122.61743423373771	0.0	0.0	0.0	37.648418966199465	0.0	2.997291593860214	17.96082626274952	0.0	0.0	0.0	0.0	0.0	0.0	14.199216529850343	0.0	0.0	0.0	0.0	0.0	4.838896952104499	0.0	0.0	0.0	0.0	8.81770818241352	0.0	0.0	140.40202957452362	0.0	0.0	0.0	0.0
PWY-6435	364.98521550272966	0.0	13.35367624506611	17.872589426556736	25.903857566765577	0.0	89.19858563044967	79.23554706163402	28.151546473721876	47.869442881260554	1.9153365718251212	11.16921868865332	2.665610770144526	60.70302188442637	0.0	26.418314904220527	0.0	388.0585366836105	0.0	145.9949279259871	136.92780295779824	50.132302630621005	78.89909828646866	51.601810291964135	45.41448437782192	132.15977700548453	28.0	201.16655916346	989.8439704296676	72.0945446360574	155.06473568628314	93.04504226726802	31.70035572115712
PWY-6467	3700.8699999999994	791.56	2708.51	3483.83	2602.36	8114.84	11661.669999999998	1271.9999999999998	8841.43	8485.59	1316.2	12016.71	2448.0	8443.42	6390.389999999999	2555.9600000000005	1195.4000000000003	3922.2800000000007	958.0800000000002	4790.43	3038.8799999999997	2366.4200000000005	4056.3099999999995	3674.55	1484.52	5391.670000000001	2182.42	5583.810000000001	4635.55	1973.4999999999998	4506.349999999999	3628.35	2223.23
PWY-6470	10674.692585502797	12325.202722077596	5163.683967806117	3993.396877049487	7243.697982523877	16977.83374017238	10014.943446361149	6695.801603022938	5347.3759307200735	9898.399957934786	4671.9069721351525	9902.430830788544	7395.817708939075	9216.322119846334	5611.975530897429	4826.9362367760405	2584.9581253429906	6854.386493257557	5852.603183278614	7709.281848111254	4939.714696202185	9124.304616805488	5640.02973520153	4131.109491644172	13078.082505661736	4659.314018252538	1412.9453826663198	6414.897644631163	4870.811208267176	13058.128162616285	5141.999769973099	2535.1538936025604	3967.6558685376444
PWY-6471	2528.3208487196453	772.1545711518748	2075.0283750076096	1661.527158196042	2954.924605814565	3913.4788489191315	7742.287362475112	2903.5368817157278	30.28369504786191	8998.126661348557	3901.414773915681	7946.858032959944	6328.375416671748	7437.234642666916	4785.421459461467	1947.1557312605703	2074.020555246635	4926.245099084158	5539.916959698718	526.9428595946431	603.7296827677559	1928.2302449117924	2403.1532709432445	1009.6512723805386	2411.21110115906	1552.8077876121376	46.96553293523267	653.7264389581161	1359.0552500685403	287.7699778486134	865.7163845719417	365.63258851539445	424.63870775393565
PWY-6478	139.52299755040715	195.30123454310348	470.10322135085676	909.7574171668273	1147.9582462142587	1803.3294187492877	152.0168482025477	141.4038245765897	233.40991649767355	1311.255592886609	60.940259815224906	316.2953952549757	163.81910920161133	455.94819683572206	281.5609628055678	330.3844783959434	269.6192019210107	407.3401760549462	163.94840404502193	267.8561984727861	488.25969207263716	223.20905744746298	758.446230270704	303.64372991067063	558.3291066091633	298.451893231608	75.6933748012456	94.1631561571874	1168.2504410712295	203.5584409005467	258.9148280036216	110.16979532347742	397.03588581353813
PWY-6486	18.962302981772666	0.0	0.0	0.0	0.0	0.0	0.0	0.0	0.0	0.0	0.0	0.0	0.0	0.0	0.0	0.0	0.0	0.0	0.0	0.0	0.0	0.0	0.0	0.0	0.0	0.0	0.0	0.0	0.0	0.0	0.0	0.0	0.0
PWY-6501	65.55980422222699	0.0	0.0	0.7874976998633915	0.0	0.0	0.0	0.0	0.0	0.0	0.0	0.0	0.0	0.0	0.0	0.0	0.0	3.1103327495621715	0.0	0.0	0.0	0.0	0.0	0.0	7.691135045567523	0.0	0.0	0.0	245.59090582730602	0.0	0.0	0.0	0.0
PWY-6505	66.24153545732341	0.0	0.0	0.0	0.0	0.0	0.0	0.0	0.0	0.0	0.0	0.0	0.0	0.0	0.0	0.0	0.0	0.0	0.0	0.0	0.0	8.557575348915043	0.0	0.0	0.0	0.0	0.0	0.0	24.947829737717022	0.0	0.0	0.0	0.0
PWY-6527	5332.004783007903	6405.280581843567	2131.7524023087344	2099.578593098216	3241.836610283212	9593.396639116048	6411.867681610703	4895.204537889617	2595.9681755799133	7030.072333484846	4924.618011271562	8436.61906808714	8971.271326714796	7161.03009079264	4458.393637173574	2248.626123774923	2453.5781260643666	5196.5768304833655	6242.073179158291	2750.235524062448	1999.2272542919961	5047.807263833287	2416.5796513852997	1571.4513223774127	9197.55423161116	1911.4562291979357	457.5664126192376	1911.5141312579203	2339.1706428996154	6685.864754681972	1767.2299969739588	1216.5925433246996	1891.2648981232967
PWY-6531	381.83729618068816	0.0	101.85455100073354	118.28991460356407	138.4739073932013	84.88348525772373	90.70603883509717	268.999274873086	0.0	14.974363041750452	182.67479522476918	381.1532350577877	399.3701404677629	490.98012230666643	144.0048034796643	5.320725249366115	504.2615638128928	211.65520712491153	168.26968586123837	2.636287813514577	3.318455281270098	2.781541435544188	8.706514265012261	17.894255699266274	180.73600039895658	235.0915910081171	0.0	1.3327405313527614	69.29673021891084	21.72857216620151	28.448719354923128	0.0	1.3276606174251813
PWY-6562	386.6885256478258	0.0	24.063090807490816	95.79501980480738	169.01635040998633	0.0	50.25801850697761	17.03348456039825	0.0	0.0	0.0	19.86304743963773	22.407696424781946	87.34121429727854	0.0	0.0	0.0	153.1402954535175	0.0	96.66446772124752	184.2270499108416	68.01467464056442	76.65274385668546	82.24183103647033	57.49295685477481	125.38157824678979	54.493080147956846	345.87818004435627	642.1405915753634	105.19426091312425	191.52272518931116	109.89650108543775	54.250819590004745
PWY-6565	151.8287729919672	0.0	0.0	0.0	0.0	0.0	0.0	0.0	0.0	0.0	0.0	0.0	10.25565410368949	0.0	0.0	0.0	0.0	41.59377835755792	0.0	0.0	0.0	0.0	0.0	0.0	22.308821448466176	0.0	0.0	0.0	100.283662302989	0.0	0.0	0.0	0.0
PWY-6588	77.71189917754869	0.0	0.0	0.0	0.0	0.0	0.0	0.0	0.0	0.0	0.0	0.0	1.9970837118954672	0.0	0.0	0.0	0.0	3.9892328855611363	0.0	1.9973678543987519	0.0	0.0	3.491824894250151	0.0	0.998676166140712	2.989065084565007	0.0	0.0	176.98863983202062	0.0	0.0	2.9915424862415914	2.990172270204978
PWY-6595	1198.0694240084333	230.65686122896162	641.1660287507549	702.8815634828832	1147.9561121340673	14.79850777417725	284.5720592826402	203.0235585784261	242.47177027063663	99.6133593362831	127.41646982146901	413.2685040412738	136.3863795384169	313.08387866417684	106.38573551603638	60.19859549402386	39.427142669931314	596.0473790480894	33.40754334344675	538.1362656739152	505.54117622490514	323.1951930612368	597.0771032430137	359.0505517863489	358.3135956492291	412.4339194516927	53.36693185670328	187.8499212211949	1246.5399664720737	286.1555246926722	349.64663054934397	244.61167031858994	435.3772553671874
PWY-6606	1597.593524244097	345.2857277262495	937.0112814323289	1102.201776520098	1306.7596845718213	33.00485986274815	944.9419574848254	235.5322150132572	405.05261911171306	224.81590414332055	549.1528731479358	1239.0223112106246	140.5706054215949	520.7631949105045	111.67088724280303	68.58206038277527	65.45679752944162	882.9569848668255	66.05106574469916	589.438838078671	616.1138791967519	373.594562102331	804.328444184845	424.6201863288132	427.9900293873017	522.0105966148659	81.46489291612662	262.0672695672703	1358.0706060344285	388.0169768918738	434.46689806744257	326.9820222385422	545.6285143872067
PWY-6607	1597.5935242440971	208.38489160644545	572.8891107317501	710.9194419418291	1193.9835341326102	12.030037609797922	212.0899044060764	189.12993190252058	213.11880367433665	79.16015581966167	92.15721932642498	312.0603765708231	140.5706054215949	261.91624796759567	111.67088724280303	57.320655734192755	65.45679752944162	882.9569848668257	26.84458179135722	589.438838078671	514.4988297325693	373.594562102331	632.2768884973062	424.6201863288133	427.99002938730183	522.0105966148659	81.46489291612662	176.29702456634044	1358.0706060344285	279.31757099720977	379.92271591200586	231.98142197388407	545.6285143872067
PWY-6608	1017.8522601075707	190.8258229282048	669.6613314930446	1102.201776520098	1245.3010282953776	11.237806943682418	194.86322428521805	135.9970200277806	233.601231023498	70.33534656931967	85.82012798577163	284.35015650824505	91.80048419037249	212.46655517939934	74.17839555940168	41.56549221500863	26.340610055797374	412.5273625161161	22.457646137740454	459.37250483454176	498.95929173181867	263.49229480763364	804.328444184845	339.2472420106619	272.37981208407456	329.4907814993201	48.63784043987532	159.0419111862073	1321.0701697776365	276.38364652772066	434.46689806744257	265.7569127712518	398.775506854838
PWY-6609	13875.512321310058	19654.575753833902	5862.468947016445	5278.873481212138	8620.50367765958	18149.59644436844	10282.306668242856	8312.484837846085	5093.452606580628	9730.539892515066	5665.786438603955	10562.24788417269	11603.686575857057	10625.284620652204	5586.278035733978	5243.943865452028	3626.3868394666515	7906.497623860999	7540.57349278583	8487.19020767852	5594.750374474401	12367.687237832268	6488.551039339293	4024.550158128378	19320.124200258288	4391.396478959375	1197.1631124122837	6125.208982831722	5620.474956210634	19957.93448806612	5200.346188733695	2727.1963126948112	4441.332944130759
PWY-6612	11403.151667419277	11940.268256021549	5555.953524500528	5082.90844386847	7048.375763865057	19871.626264589406	19060.383944362813	10768.167139833527	10941.897854545925	15768.276328267915	5919.332555696764	19377.32304894923	11229.288323079614	16100.697800167805	10080.243301073944	5826.7846383076785	4921.600662926003	10821.863045208469	6084.688956888318	9461.924061542035	5841.801408112393	9499.124905092116	7582.123803671134	5804.460836584816	13120.141498779858	7919.3514892094345	2749.3065587047713	8772.33006857017	7404.372757348848	12724.168099995157	7122.799273892578	4764.935311661134	4575.398969456654
PWY-6628	11026.396228831385	11263.223636422685	6162.100687291952	6537.235796344959	8130.322197074111	18157.626252637998	19705.969870998637	10710.53762262752	10976.212030820378	16047.352017421685	6301.467984731131	21019.138666045874	11969.327529001532	16555.031595442255	10841.195180793087	5707.556102757531	5265.194181189917	10875.736400414818	6644.037138399399	8894.749929084139	6020.1669829093635	9080.637683639998	7719.561056104662	5894.6860178210545	12458.998754887467	8000.124848206726	2765.384619766413	8681.023672818195	7810.2666758267715	11834.809036472656	7314.634635519745	4899.513244293634	4707.760694279754
PWY-6630	10929.647018922165	11225.069112576066	6141.548427002808	6531.478635453581	8113.448395394817	18103.442948315234	19702.333598347162	10679.117751027665	10973.466350649818	16047.352017421685	6298.097774213962	20993.09383065972	11946.55616520993	16488.905223621616	10840.708216760802	5707.2515782311675	5237.4790465711985	10843.085955581037	6621.550598120272	8853.204896833855	5979.1531819448455	9054.408398296539	7708.334189654443	5888.066529528319	12444.489898985787	7973.750773062563	2769.1957020787436	8684.250355539161	7810.323421914937	11820.33264055591	7308.4839708616155	4884.279956165356	4691.750952712158
PWY-6641	101.72288716112864	0.0	0.0	0.0	0.0	0.0	0.0	0.0	0.0	0.0	0.0	0.0	0.0	0.0	0.0	0.0	0.0	4.96037871144363	0.0	4.7707215638849485	0.0	1.9428443050923248	0.0	0.0	0.0	3.718110053001733	0.0	1.7616794319671234	73.6160239467503	0.0	0.0	2.7378526822190468	0.0
PWY-6654	264.58458913824853	0.0	0.0	0.0	0.0	0.0	0.0	0.0	0.0	0.0	0.0	0.0	0.0	0.0	0.0	0.0	0.0	0.0	0.0	0.0	0.0	0.0	0.0	0.0	0.0	0.0	0.0	0.0	0.0	0.0	0.0	0.0	0.0
PWY-6662	0.0	0.0	0.0	0.0	0.0	0.0	0.0	0.0	0.0	0.0	0.0	0.0	0.0	0.0	0.0	0.0	0.0	0.0	0.0	0.0	0.0	0.0	0.0	0.0	0.0	0.0	0.0	0.0	4.643593254293693	0.0	0.0	0.0	0.0
PWY-6672	50.653966429826404	0.0	13.044923159335141	0.0	0.0	0.0	0.0	0.0	0.0	0.0	0.0	0.0	0.0	0.0	0.0	0.0	0.0	27.085174631661015	0.0	44.09720663053251	15.348929702512871	27.486994523941224	26.644284194511492	26.679072892763426	0.0	45.882553296208386	0.0	32.80090222452873	181.16379275652832	49.5658047457016	10.698347633996866	38.198618885914385	22.526090318335115
PWY-6676	34.895669988218636	0.0	0.0	0.0	0.0	0.0	0.0	0.0	0.0	0.0	0.0	0.0	0.0	0.0	0.0	0.0	0.0	3.979233911949139	0.0	0.0	0.0	0.0	0.0	0.0	0.0	0.0	0.0	0.0	44.294306514101315	0.0	0.0	0.0	0.0
PWY-6690	50.39747004168852	0.0	1.6559999999999997	0.0	0.0	0.0	0.0	0.0	0.0	0.0	0.0	0.0	0.0	0.0	0.0	0.0	0.0	3.3946794664849165	0.0	9.2381645363962	3.5163056117290195	10.804588100686502	6.326625507442489	3.889114160948222	0.0	9.653640227352955	0.0	6.948529411764706	36.874546243893256	10.870509170086256	3.5139390340459227	7.15087603641305	5.985584890333062
PWY-6700	9782.66999559391	10665.477079198898	5175.285919942057	5676.450481501086	6609.924145329333	16092.652958395154	14714.721004047125	3989.612155042349	10916.137012865645	11482.590514984431	2520.047293547967	14118.295809821235	4588.724609619312	11768.699894593881	7350.903247123636	4775.171105678965	2287.0919876289186	6566.3616341687975	3137.2135235428304	8573.745789751525	5591.11332993699	8314.985748150688	6805.619133338168	5424.043469884354	10744.73602461812	7092.330028196467	2627.677125517884	8229.466153287241	7156.501626555878	11669.601755324265	6740.370507932859	4695.424042919985	4379.3535123637
PWY-6703	8364.015395027944	9783.688640236316	4684.360798967939	5245.807438084123	5509.737825877971	9814.870729647371	13367.127609675746	2121.0152686452752	9366.679865451093	10114.677286577837	1727.7307349456478	14093.318728957925	3914.7337321646596	10187.555816664566	7465.515212331698	4455.400741640122	1535.8465441507706	4956.537768238251	2055.120697683397	7481.418720332205	5010.357544228136	7941.591417681095	6413.8807503073185	5169.542069716202	10200.58678562422	6512.680086517382	2506.236546160019	7980.214522322659	6317.774008702826	10734.043129899153	6631.989277021725	4375.154808212018	3756.9531966688114
PWY-6731	7668.232832594432	10302.20027134862	3102.223845987985	3383.3557856724196	5068.661843050319	11465.77797547784	4518.497945422125	3514.2098931142855	3543.4486706222324	4641.491938793393	1755.3765305357044	3374.3805884735348	2809.7356235106895	4904.5127287822115	1720.4263452560906	3116.3695523554707	1389.1182728576641	3714.8201247647658	3457.907789509403	5316.409657421858	3458.510307443431	7295.543801201857	4300.1947305070635	2699.0925390802454	10317.884157838082	2728.8294113828397	805.4845454835014	3942.98419622319	3815.460725679694	10460.261856800655	3667.564942941874	1539.9906203378005	3171.0436519365194
PWY-6748	2475.4011632304246	336.596138012105	1341.0926509787905	1314.9656603273693	1537.102036699012	7455.5919001621805	13902.157662191958	2067.6068556976406	8244.241824948427	10260.797055089253	1434.2247215459352	13971.070193844489	3862.5439143854915	9949.721351191381	7595.25946073988	2841.8913794607965	934.8413559743788	5018.554361414034	1293.81469820906	3386.3830814651988	1895.7516996209747	1640.3209748447891	3230.758749459749	3080.4428637779906	1673.3432289304164	4033.608395099475	795.1063086627975	4917.93388234996	3132.2852131670406	1450.671747227469	3829.4621150577636	2686.583746782911	1499.4528085105878
PWY-6749	37.93203613956363	0.0	0.0	0.0	0.0	0.0	35.9644661956837	0.0	0.0	11.995236937265812	0.0	51.93132173117064	4.659007235083762	0.0	0.0	73.49810963944434	13.978995490550018	7.996772595555716	152.0904391125324	0.0	0.0	0.0	0.0	0.0	10.655120252131812	95.39188005061816	0.0	0.0	305.37512024276805	0.0	0.0	0.0	0.0
PWY-6803	4378.596949018049	684.1386641066467	1779.6571381256304	1867.7419743377907	1888.082109290328	10531.081464456809	16802.685968104306	2172.706498224488	11187.88902786482	12311.49709947015	1554.767716712783	17786.917574886404	4198.702281889539	12369.686040503952	9904.088765885072	3582.5589691433875	1462.8135028549746	5897.713358885305	1567.2197413244073	5933.53063633866	2610.827022312024	2744.347930514439	4657.908409173375	4439.840344300594	1708.5458159080215	6949.036041289541	2698.690960725289	7013.741349076007	5459.79787051097	2009.661081886165	5416.646695338003	3851.0385034633555	2673.680532891303
PWY-6808	13.320435909024118	0.0	0.0	0.0	0.0	0.0	0.0	0.0	0.0	0.0	0.0	0.0	0.0	0.0	0.0	0.0	0.0	0.0	0.0	0.0	0.0	0.0	0.0	0.0	0.0	0.0	0.0	0.0	0.0	0.0	0.0	0.0	0.0
PWY-6823	3446.9966914920183	629.3589247727713	2772.621000910758	3710.435356436265	3587.7323950698333	3649.956701298769	7387.51728015452	7950.813430650638	1764.4500818985132	7618.888105905837	4565.1363592061325	10186.60009606235	8494.702384119442	7523.791608222463	4927.717595932516	1671.5517822843217	4160.844332072968	5849.741014040797	3763.929160125464	1938.3491079957698	2327.390366333349	1610.178885100018	2806.314833759062	1655.0171792032488	2266.4637508626643	2539.8218016594747	680.9166186635945	1451.5067618121782	3375.193427587017	1308.7070095843944	2045.7373287307764	1547.9470049948886	1297.3614043911173
PWY-6837	134.38721447858134	0.0	0.0	0.0	8.076923076923078	0.0	0.0	6.857142857142858	0.0	0.0	0.0	0.0	0.0	0.0	0.0	0.0	0.0	23.31809886534952	0.0	0.0	0.0	0.0	0.0	0.0	0.0	2.930210918114144	0.0	0.0	180.39055872599678	0.0	0.0	0.0	0.0
PWY-6859	8280.445306550871	9984.020939574702	3070.7728311006194	2155.528852510233	4600.7321732816945	11314.296093743938	9610.277428300975	9339.000956138918	3641.227365613627	8249.088746891332	5273.335371556459	10660.153958884475	9216.166231081104	9398.205542510947	5604.348864946022	3639.7581690334837	3986.235349912704	7211.540496549439	5641.142752594844	5116.042299999919	3159.1181654078105	6733.049809167586	3347.760638343217	2338.5402215589547	10609.778416584564	2803.3484495199023	690.499629294011	3811.0255300979893	2905.5836869199775	10537.204898654772	2992.4682046382386	1286.5774177618832	2477.350817263992
PWY-6873	17.89697657612743	0.0	0.0	0.0	0.0	0.0	0.0	0.0	0.0	0.0	0.0	0.0	0.0	0.0	0.0	0.0	0.0	0.0	0.0	0.0	0.0	0.0	0.0	0.0	0.0	0.0	0.0	0.0	7.808683871412881	0.0	0.0	0.0	0.0
PWY-6891	1860.636814209739	329.05963827839787	948.0863723921099	1781.819663610314	1134.6937657226208	0.0	938.1835147024531	363.42242135072	788.3081855980683	0.0	433.4892181783996	914.3085665226981	0.0	592.6312991959701	71.77796952595853	0.0	0.0	404.4690262646986	0.0	454.50904337208317	998.4458602442162	940.8275038364462	787.8546865133078	499.4150919783754	429.8668011771719	513.3284257438918	0.0	845.9696352073613	1292.5890848270044	575.4656760274735	1263.340612362932	467.09603632217795	639.506222901645
PWY-6895	4515.134283595918	912.3909147718927	2337.112691418355	3648.9535932469153	2759.0105587356597	188.33695212731027	3869.024950789339	1534.017903937061	2978.757504981787	99.32533974058094	1584.0672824064077	3864.633907099289	1130.7350618172666	2529.8454460244675	349.342495802035	617.4785158136585	954.520526321637	1704.651117922614	1077.2962801939657	1780.0159385047632	2615.7444920468583	2551.3574456409997	2569.1091557392474	1774.0498981006142	1491.5531509302546	1964.2350528091565	753.3890870827247	2909.006755619891	3608.124831090399	1768.4155879876055	3485.5918243607334	1632.8132823162753	1804.4779042337623
PWY-6897	9547.778000923528	12007.172168803596	4013.981807588521	5096.8676088792945	4770.746229923014	10196.145628797394	17910.368296123448	8722.447357811108	9702.089108826727	14589.752521789795	6304.505342508613	20847.086992248078	11568.21024124893	14347.566027911691	11174.30643928043	4574.317357665223	4379.382200689767	9152.559904488666	5719.58540516261	6627.119493941187	4495.566337989122	9831.065273449296	6012.6938396642845	4917.502608779254	14585.27716609971	6740.631381505388	2628.6602021735007	7467.1870763341285	6529.39138045784	13752.89051007101	6245.567594281406	4302.20601261536	3453.768632376328
PWY-6901	3872.1620914845375	2135.1489140216436	2235.918838621997	2558.446839181586	2903.2157320311617	1189.6454525416982	1660.2045474808913	461.70456375362835	608.7419137157535	766.610677636473	1240.2895438120388	4617.536141585441	3621.127046621573	3022.485232907526	1321.6369822207987	68.50741612106067	568.893770835034	1504.3802716453367	1767.9383405250524	1842.4701575044046	1829.6924632387618	1893.1384556402131	2969.552322814428	1190.7728416553277	1379.523626753553	1822.158779026902	275.83060795418237	1178.000501522673	3647.0991829328646	1445.137529549645	1905.628017982907	1602.002398843405	1698.5527064198411
PWY-6902	1552.6524767365795	0.0	27.354649271486107	75.59361372486892	43.42626161898271	10.003633544601483	643.8638433618997	3980.883230021779	64.38306428491924	52.070025918804944	1409.246460379213	951.8735650155925	1154.2779860015908	1765.20459259936	177.90510538604417	184.99607870271836	1745.0812295342719	1488.6187495242523	233.12151531838396	119.44535466414348	119.8761538951694	30.072316734958818	39.401280406941666	21.02082470411476	157.56035013350692	271.39462298239226	7.11872846948249	25.234619608928814	655.6833950287566	58.68669510123494	92.23522612084113	60.13276043956867	77.14859302148125
PWY-6906	194.97982861563818	0.0	0.0	0.0	0.0	0.0	0.0	0.0	0.0	0.0	0.0	0.0	0.0	0.0	0.0	0.0	0.0	9.008922267662294	0.0	16.404830869354853	0.0	0.0	0.0	0.0	0.0	15.36119187736842	0.0	0.0	47.58451001395787	0.0	0.0	13.301572369375263	0.0
PWY-6920	18.970988852605924	0.0	0.0	0.0	0.0	0.0	0.0	0.0	0.0	0.0	0.0	0.0	0.0	0.0	0.0	0.0	0.0	0.0	0.0	0.0	0.0	0.0	0.0	0.0	0.0	0.0	0.0	0.0	0.0	0.0	0.0	0.0	0.0
PWY-6922	640.1431495500258	7.2921918126826535	81.83109563794906	102.60617772770698	82.49855262445725	126.79378791502549	262.0119510445949	339.8292168929627	66.37410096246401	17.959085897869347	730.0404072728514	451.1536502277428	2125.8938310689214	701.4498753795951	178.68957639654082	0.0	85.55811534643539	366.285780612303	336.6833277496638	86.73805283299852	60.53477601134877	35.742671481427145	34.84806817917521	19.27057658843261	42.771702780569605	265.7981961276524	28.550613914147345	99.53670941288081	503.8061092184433	48.85863743072663	148.0873954499088	64.88170267420098	44.897468562914526
PWY-6936	10181.026983040658	10341.816432678172	5026.00493670802	4265.795853414184	7001.181848970349	17323.695596195634	17136.18487995215	5896.333295404324	10833.152675468184	15040.645378524188	5156.685047777112	18438.50487941623	8847.7102568772	14231.997907642663	10259.247157063435	5353.813672059728	3375.769093875754	8617.95471828854	6078.9537115239245	8489.896156626195	4876.177928776183	8463.28701213101	6792.235174536882	5381.932062825598	11523.930173950335	7253.82684196404	2642.038160619937	8252.684594124506	6797.375434151373	11390.245429397764	6547.156061991924	4042.408880227111	4230.9130040738655
PWY-6946	93.79542264496239	0.0	0.0	0.0	0.0	0.0	0.0	0.0	0.0	0.0	0.0	0.0	0.0	0.0	0.0	0.0	0.0	0.0	0.0	0.0	0.0	0.0	0.0	0.0	0.0	0.0	0.0	0.0	0.0	0.0	0.0	0.0	0.0
PWY-6948	123.55436813926688	0.0	33.90688342126686	27.868557670103318	51.41321469112044	0.0	140.2058474457047	137.1500852230959	26.81103792252853	60.093111059740124	1.9980480509828393	27.39308778983295	3.9930581430900047	91.38429772503538	0.0	35.705565195914126	0.0	711.3110103996345	0.0	150.86310793097755	21.19775428671725	47.71809214046527	28.641148757282068	46.53985263072373	81.95768611880652	273.0170831979913	13.520929780828126	24.318917279583427	113.48547704198894	88.02339801764761	42.59331329195599	22.10336527763355	58.66233386431842
PWY-6957	0.0	0.0	0.0	0.0	0.0	0.0	0.0	0.0	0.0	0.0	0.0	0.0	0.0	0.0	0.0	0.0	0.0	0.0	0.0	0.0	0.0	14.30133183614628	0.0	0.0	0.0	0.0	0.0	0.0	0.0	0.0	0.0	0.0	0.0
PWY-6961	60.66307004804405	0.0	75.8379493276938	77.62124153236664	94.97022857131637	0.0	68.5277419822956	33.12410267485723	0.0	0.0	25.045800236166397	59.3532535980509	47.40308569249955	30.126583739583758	0.0	0.0	21.89620863409835	58.22411518753074	0.0	15.196677672276342	38.60925150823703	35.53272381835068	10.334572130432424	27.829718307629804	9.025225249134166	25.062381581500397	0.0	11.824977599106186	57.779596071718224	28.644334039594526	94.13306357354635	19.660532561714785	20.362799689063635
PWY-6969	6442.198119222853	1124.4588478294468	2807.1876483821093	2950.8500475687056	3322.5686824713453	564.4636943010809	4433.66133816715	2570.0092920868956	3629.0610472988383	1051.4588977114595	4946.73419248638	6697.348853504394	6639.821183871187	5251.839371963319	1449.5836128193864	844.0711369570328	3277.2133241455012	2715.5228092608727	2527.1297632104784	3973.588553502264	3061.647004449041	2894.3665062501727	3617.1683632579648	3552.1569799669687	2397.5059844441726	4427.199193870255	1086.1482721215295	3942.8742189332474	5942.172186752222	2218.388466207632	4018.676341078343	4158.892240006288	2455.8435229968145
PWY-6992	18.354359774592965	0.0	0.0	0.0	0.0	0.0	0.0	0.0	0.0	0.0	0.0	0.0	0.0	0.0	0.0	0.0	0.0	0.0	0.0	0.0	0.0	0.0	0.0	0.0	0.0	0.0	0.0	0.0	0.0	0.0	0.0	0.0	0.0
PWY-7013	112.11570418741779	14.996060516075897	4602.927566822735	2912.4209751425706	3435.3187812855017	248.2604928997729	537.9821686993072	755.5563477762051	95.41694875226268	361.8512936505338	254.6452308438352	2149.2360494103696	5454.8387485108005	1156.539925240857	506.98045364661346	0.0	157.2406314547064	241.32496411948713	339.61521826858177	121.11420969360276	65.52160728632501	64.64424135942541	2048.215176303559	254.13331611469914	154.59256949901862	206.46584351441476	0.0	125.64357075825406	532.1315836725879	96.33238428082223	754.6959826193288	246.27570584482285	254.87430573597686
PWY-702	9497.51267558652	10133.355554532016	4678.055713505428	4279.642572483618	6523.580241807331	17067.440131936302	17262.261827102426	6712.773869763905	10673.552866205515	14918.41208334198	5267.105463419564	18669.20523185065	9403.318146471032	14473.517812081975	10222.572179538884	5308.569273575007	3628.6414250635344	8854.38218305912	5994.951440353744	8292.775187983825	4776.073312759384	8230.725913210727	6580.353269232418	5206.636231228394	11373.55885239378	7112.963248107779	2594.0682197022347	7943.482594811307	6256.842832676654	11105.687730612846	6316.40807708109	3902.5437313674465	3990.7354850893344
PWY-7031	1033.6242657623304	156.36296539454727	296.5464190799481	480.59708716100204	713.4554254829948	3.899231730168644	90.1683513413706	132.28054657192754	17.78560633696012	15.874564673754621	160.48265051983174	104.10803018502698	131.2965543114345	119.84484782594382	41.29053643366198	72.7349863936763	138.87710827651455	30.998434820996774	186.16956614978804	111.8971214680062	142.67118985937458	170.30285201533403	81.03720934520838	177.32298068473412	206.05799268622044	168.35912013372425	74.04577914980355	175.13626232059718	207.55079673475842	45.91935931894559	285.5176727101332	97.41703348676688	226.10060854702988
PWY-7039	140.19823141254992	0.0	0.0	0.0	0.0	0.0	13.351541485619698	24.0	0.0	0.0	0.0	0.0	0.0	0.0	0.0	0.0	0.0	0.0	0.0	0.0	9.468763280917976	12.822627037392138	0.0	10.71244635193133	0.0	0.0	0.0	14.601092896174862	65.1475514865643	0.0	0.0	0.0	0.0
PWY-7052	103.70778113181686	0.0	0.0	0.0	0.0	0.0	0.0	0.0	0.0	0.0	0.0	0.0	0.0	0.0	0.0	14.736842105263158	0.0	18.36598240469208	0.0	14.37427376741898	12.355712042632154	4.402214950918702	0.0	0.0	0.0	0.0	0.0	0.0	263.66804762681454	8.642000406586705	66.12641584158415	0.0	0.0
PWY-7072	31.216502328957713	0.0	0.0	0.0	0.0	0.0	0.0	0.0	0.0	0.0	0.0	0.0	0.0	0.0	0.0	0.0	0.0	0.0	0.0	0.0	0.0	0.0	0.0	0.0	0.0	5.255045871559633	0.0	0.0	0.0	0.0	3.8400000000000007	0.0	0.0
PWY-7090	279.0259430473595	71.71930255095043	69.24524050759254	168.07497180496287	224.77213915886978	1680.8921701490544	186.80458292270626	31.152689862113174	112.9270924135134	1164.619658249578	85.31092224773853	132.7667391839133	223.77091389270683	698.882538993269	250.11159231177962	453.0126118672787	501.46373183215223	405.49875610321175	226.24907218240477	169.7197650366912	87.41062863621272	75.88108548266943	42.56799436910467	75.39686397353105	423.0689886552505	181.42967989189688	133.40135270819007	243.5536432380711	195.44738438758304	66.15036253981823	311.2864707545429	128.65246780636622	71.42192540359541
PWY-7094	1399.2985666871145	0.0	55.03504295002814	58.104680581158014	46.28082195155746	0.0	124.70598821055323	114.77898796268471	38.65652845124579	73.42363360510373	2.9427894807346933	16.480064087673995	3.9952071872369253	87.67803599766012	0.0	42.31430496086017	0.0	571.0103822315284	0.0	437.5577067614049	351.54100731300497	181.24749963226552	157.91753537035802	108.58939855067415	70.05131118258734	377.14964562504343	37.66782876581494	330.5280063367055	2159.715238906794	202.45967551515986	408.74737020323244	303.13272590098563	116.57093182794658
PWY-7097	14.183888633418336	0.0	0.0	0.0	0.0	0.0	0.0	0.0	0.0	0.0	0.0	0.0	0.0	0.0	0.0	0.0	0.0	0.0	0.0	0.0	0.0	0.0	0.0	0.0	0.0	0.0	0.0	0.0	0.0	0.0	0.0	0.0	0.0
PWY-7098	20.712379343099023	0.0	0.0	0.0	0.0	0.0	0.0	0.0	0.0	0.0	0.0	0.0	0.0	0.0	0.0	0.0	0.0	0.0	0.0	0.0	0.0	0.0	0.0	0.0	0.0	0.0	0.0	0.0	40.592760688381	0.0	0.0	0.0	0.0
PWY-7111	12858.892041469493	13341.364404232796	6819.034694717233	6256.719705268832	9226.33850391811	21780.90553712394	23460.861981099035	11891.065618922541	13242.742117315212	18779.96036391831	6854.614894420734	24200.357629001213	13473.015278782497	18956.7142758328	12721.319444162107	6834.327790163268	5688.510322809982	12416.957647182206	7538.580234672987	10989.413914346964	6948.444827868349	10796.582306964376	9124.831128737336	7071.982323691986	15040.454714083362	9540.41906238555	3364.7747744105654	10395.664576946663	9209.964331607533	14280.070911734138	8584.332262047159	5636.138307087435	5510.7642085457055
PWY-7115	6569.793288437164	2785.74079525017	3233.520637002682	2853.750086298532	4397.734396859583	13101.29452136047	11206.987528102496	7212.2542884415225	3710.8237577801906	9992.110600337754	4195.494227133531	13966.032157360727	8780.943026335613	9985.814937984858	7013.550899710465	2520.8926957166495	3839.971705820135	7099.439502571544	4402.334815012316	4202.265260977358	3282.1207977412964	3876.741889807152	4458.620322123964	3233.6649172705006	4684.343222527117	4126.408901334813	993.1019058886827	3236.1817189672447	5052.708182259695	2823.0782568896557	3685.569796972248	2900.9605540179373	2651.132917958835
PWY-7117	7202.478283335998	4926.368785601121	3887.822856896084	3356.43678723449	4984.1410342929275	5966.128849658416	6635.066141925051	3380.5875878994652	4878.546970009257	2031.9247359436606	2423.2529496648094	8821.787782637513	3631.888851323247	7645.910416894528	1955.8544316516404	1189.3738812276245	2868.2291055365304	4658.626378006238	2446.75845107718	5733.245879658899	4368.698966364389	4660.49752478103	4861.5109321860145	3700.9352987572133	4343.181785212277	4465.696864809047	1486.8058640648928	3768.3746139384734	5426.457483071749	5131.044316819474	4394.752547719268	3481.441187004653	3183.909607322692
PWY-7118	1014.7966798412659	28.77946919324926	75.5836131534794	74.69688714927335	222.0072641059538	601.3851302002206	256.50740014434854	77.4310913089599	128.50201556090676	1145.0378173273864	64.0143544568509	176.22576447937462	224.60767139921708	762.4798752161056	130.36995099175968	367.2430835918567	582.1415586995901	683.6441675906992	151.95979589374247	357.4089696177861	181.8220904338609	139.5286471773725	112.72923410703102	117.21046628837124	457.76120943317545	317.4962415178908	32.35726724983486	353.04245545811233	1238.0539734945467	122.7586554226461	350.66029353685843	191.0839145624632	87.05463948944701
PWY-7159	0.0	0.0	0.0	0.0	0.0	0.0	0.0	0.0	0.0	0.0	0.0	0.0	0.0	0.0	0.0	0.0	0.0	0.0	0.0	0.0	14.800851834607572	25.932631550476607	0.0	17.432538657450348	0.0	35.297258957911026	0.0	22.79395327715606	14.80399538735648	0.0	25.182389009801906	0.0	0.0
PWY-7199	9.993367521548922	0.0	2.75917650416418	0.0	0.0	0.0	0.0	5.996411053953823	0.0	0.0	0.0	0.0	0.0	0.0	2.3992311594009452	0.0	0.0	47.76115442030188	0.0	38.45535407324983	47.71917781504739	47.652324207321634	23.41835106466251	39.04871246066734	0.0	34.00754958798944	0.0	52.95581072596256	70.61594328477653	99.86727486194873	25.894322161080538	39.902340426522414	43.706164941426756
PWY-7208	10203.250813172224	10955.726176395752	5157.655089659313	5062.491082945728	6484.952115544267	13118.852858581768	16682.31479296352	5408.602781388532	10466.744721146555	13957.754065716315	3488.314049257506	17366.026581866754	6825.622133546771	13445.312024376202	9063.487612192386	5413.94908057874	2872.0885120607027	7909.175951374633	4210.518886727926	8290.410043432787	5348.716951950321	8721.495222441092	7022.00359798759	5499.099663395316	12332.194483811074	7200.946707432526	2702.0467161552538	8467.913874686239	7007.886615730995	12170.811562539067	6807.118312309419	4432.177559633627	4056.6150956861247
PWY-7209	0.0	0.0	0.0	0.0	0.0	0.0	0.0	0.0	0.0	0.0	0.0	0.0	0.0	0.0	0.0	0.0	0.0	0.0	0.0	0.0	12.37727910858319	21.677325455765704	0.0	14.657301229574772	0.0	0.0	0.0	18.384822512123552	12.429932316389403	0.0	0.0	0.0	0.0
PWY-722	21.095998879682963	0.0	0.0	0.4914285714285713	0.0	0.0	0.0	0.0	0.0	0.0	0.0	0.0	0.0	0.0	0.0	0.0	0.0	0.0	0.0	0.0	0.0	0.0	0.0	0.0	0.0	0.0	0.0	0.0	50.69295081855462	0.0	0.0	0.0	0.0
PWY-7220	13815.883748248714	13166.96558534225	7473.261937516844	6911.461512734181	10041.624229854437	28996.130441639063	23405.643898275655	12886.37203715002	14689.837203513176	19662.754649678198	8041.549030549688	24214.843648422197	12072.663103230425	20540.106859716296	12812.025541253288	6926.82505035304	5960.639522796526	13239.680785972976	8865.34909999386	11238.909850297647	7025.734019938156	10914.002720819675	8881.439898971144	6809.574405904214	14439.440000081939	9561.38749842523	3161.3050164705883	9799.23587170753	8022.969673513378	14225.066388046813	8132.478419701415	5514.042690039414	5680.269437141657
PWY-7221	12044.435197999373	11900.68449684832	6446.072784728777	6837.602553925759	8601.182688901985	17900.259900803216	21109.650871434114	12563.327695013228	11312.663290279172	17688.173743014217	8148.448301207913	24017.595282703584	14464.055999122455	18391.546497607753	12595.715438942892	6111.370172908879	6151.5957600744705	12262.656501496509	8248.061803081924	9361.217344102426	6129.978827553435	9446.949661685478	8166.9351060663	5966.534679296818	12896.060548188423	8301.199547778271	2709.184353739297	8710.00162615721	8265.116027280921	12782.286097634938	7351.907844584122	4950.645809158092	4799.120578105611
PWY-7222	13815.883748248714	13166.96558534225	7473.261937516844	6911.461512734181	10041.624229854437	28996.130441639063	23405.643898275655	12886.37203715002	14689.837203513176	19662.754649678198	8041.549030549688	24214.843648422197	12072.663103230425	20540.106859716296	12812.025541253288	6926.82505035304	5960.639522796526	13239.680785972976	8865.34909999386	11238.909850297647	7025.734019938156	10914.002720819675	8881.439898971144	6809.574405904214	14439.440000081939	9561.38749842523	3161.3050164705883	9799.23587170753	8022.969673513378	14225.066388046813	8132.478419701415	5514.042690039414	5680.269437141657
PWY-7228	11636.27824918018	11783.697615382314	5987.072285893633	5858.776165115928	7766.470037302171	15306.265713303472	21160.12696765806	11553.67942946798	11470.327071299362	17533.044811973563	7380.984590010751	24118.103742358744	13255.549604633694	17922.69489590317	12723.826645388068	6242.591080710701	5757.500437554427	11624.48998495083	7352.043706162143	9266.895007484462	5983.937237528545	9396.538965656182	7974.247932524475	6051.555500502387	13257.258713374824	8252.36202428402	2895.866973976364	9101.300273347946	8022.3444478400515	12962.553611631307	7443.086105009017	4877.480371034541	4604.3286249660005
PWY-7229	11538.58035389208	11466.58522322087	5948.411081912878	5974.082962698091	7815.462171803716	17581.117846878595	19815.08297136333	10275.978404071897	11943.354045472517	16386.442610899227	6480.699486103713	21376.19112448993	11228.463118810565	16786.884182774917	11280.224900788195	5905.514505117396	5064.778112475167	10732.898417159266	6706.332143782228	9339.768704037026	5997.7286625987135	9276.23238045735	7755.930201789848	6003.541440695797	12660.237396854953	8130.53824127484	2866.9133657071097	8909.045244974697	7666.963826047079	12557.64369652645	7308.571408232249	4905.753213094094	4728.691121170181
PWY-7234	10045.551248122742	10397.790438233851	4445.09731891682	3873.9640794323955	6142.6331593001905	17027.25776873314	17988.480471660732	9888.330173010761	10899.97768812447	15107.554080686767	6147.978237937135	19572.00932063115	10928.155014988253	15671.338427223642	10330.015681931658	5406.819834143167	4874.445519070789	10047.410940631451	6371.858532689702	8383.090960251433	4890.350152517258	8339.520755532734	6643.774988975406	5280.482235663334	11493.876532443479	7362.473683622509	2585.2137174950867	8103.261898030636	6582.523894513874	11285.516905469269	6470.735782990742	4221.493859307566	4104.422260180403
PWY-7237	5570.969999999999	9327.2	2032.35	1183.1	3194.2000000000003	7846.399999999999	3520.83	2805.5	1934.6	2944.0	3391.0	5597.68	7001.16	2831.99	3120.0	2138.0	1332.83	2468.08	4962.34	3473.7499999999995	2106.87	5482.0	2130.25	1447.0500000000002	8939.0	1329.0	395.0	2436.8	1399.77	9467.05	1829.2000000000003	695.55	1674.55
PWY-7238	8628.36674027836	10519.439747964649	3610.570056899974	3147.5750632042154	5379.1452503373985	13906.664477083377	9786.232982588073	9101.034774684196	3928.8648926740143	9150.6636238047	5762.022915569666	11175.604147651493	9161.59863879436	10264.467767665112	5896.280569467251	3817.736127052673	4048.1613497803464	7562.602466878159	6161.043085887573	5578.96812480141	3494.0443676606064	7464.1951566220705	4476.584784804627	2802.9615783968998	10812.39648627988	3590.884481804343	1156.086162132979	4320.208346890645	4185.839325572328	10829.288053413857	3755.65942283289	2104.0549071298888	2963.021928119298
PWY-724	8719.142112710277	3800.5687013897486	4839.608036107537	5574.160055818282	6248.043256230384	14812.314126061769	18287.014416120117	9601.759461176589	10468.68640725004	15067.493344774035	6088.552056037304	20198.279774830044	11403.533984034135	15384.57676384077	10631.449663791765	4876.542789595173	4820.212662654899	9900.40457235896	6019.054023588069	7639.145697404626	4925.3365307034355	6037.636535222979	6597.291322261683	5151.732254660338	6946.8718409453895	7309.850254213667	2564.2911147678965	7559.644774988544	7100.798234097283	6222.249238837236	6360.150203672388	4390.978889691678	3915.3267603095437
PWY-7254	3036.7079883691354	587.6841975695756	2114.7068692759153	2312.960029220618	2150.6993904207866	300.1310286452429	3445.8028824666517	2703.85937329102	1808.5646747034557	769.818236969665	2671.609180510187	4389.096464768763	4751.489573952159	3995.1249080408525	654.8394754104793	567.2271570941277	2827.4595058899563	2356.1872714238125	1060.7788078297692	1699.5801953054408	2179.2199786615383	980.0473628784515	1849.981589926945	1311.0959392045975	1196.2561642841476	1971.2286578997937	385.3911047418373	1250.1427761462105	3283.825023137932	1047.486077862677	1597.1857723168562	2067.12779313366	811.888206680817
PWY-7255	18.337377259317364	0.0	0.0	0.0	0.0	0.0	0.0	7.196834817012858	0.0	0.0	0.0	0.0	0.0	0.0	0.0	0.0	0.0	0.0	0.0	0.0	0.0	0.0	0.0	0.0	0.0	0.0	0.0	0.0	6.426674718085598	0.0	0.0	0.0	0.0
PWY-7268	186.5746123803994	0.0	0.0	0.0	0.0	0.0	0.0	17.976946200477876	0.0	0.0	0.0	0.0	0.0	0.0	0.0	0.0	0.0	0.0	0.0	0.0	0.0	0.0	0.0	0.0	0.0	8.992351511896983	0.0	0.0	71.42335910364369	0.0	0.0	0.0	0.0
PWY-7269	125.26426153657931	0.0	0.0	0.0	0.0	0.0	0.0	11.992438348913486	0.0	0.0	0.0	0.0	0.0	0.0	0.0	0.0	0.0	0.0	0.0	0.0	0.0	0.0	0.0	0.0	0.0	5.997616762106518	0.0	0.0	47.84244710284566	0.0	0.0	0.0	0.0
PWY-7282	6989.392402289904	2275.9329056990223	3118.8159194418035	3106.9083070862584	3190.4572485584413	13373.704931076414	10797.160906560499	7773.224333033071	5705.933332162589	10678.278512922545	4690.322163837851	12280.377322503717	8233.401718290314	10493.391794916302	6789.202816342605	3914.5054587620307	3641.0047320946846	6794.286724408861	5264.902809465773	5771.933970712643	3869.4556519177995	5433.016831280299	4911.886373485676	3545.5306003875085	5169.180149894345	4520.253249379828	1301.3168102651011	4970.33041883911	4858.663986418859	5699.609876287849	4511.031297841944	2844.664813792651	3125.043103218646
PWY-7286	117.62302360204849	0.0	0.0	0.0	0.0	0.0	0.0	0.0	0.0	0.0	0.0	0.0	0.0	0.0	0.0	0.0	0.0	0.0	0.0	0.0	0.0	0.0	0.0	0.0	0.0	0.0	0.0	0.0	0.0	0.0	0.0	0.0	0.0
PWY-7294	341.0276952019193	0.0	0.0	0.0	0.0	0.0	0.0	0.0	0.0	0.0	0.0	0.0	0.0	0.0	0.0	0.0	0.0	44.869773077009505	0.0	112.4181730762672	16.415684577004782	0.0	0.0	0.0	0.0	72.33862622504051	0.0	0.0	148.89033933592555	0.0	21.156594938676548	45.97187319712427	0.0
PWY-7295	155.8502445794421	0.0	0.0	0.0	0.0	0.0	0.0	0.0	0.0	0.0	0.0	0.0	0.0	0.0	0.0	0.0	0.0	7.490858824306342	0.0	10.903896628809543	4.789011007857222	9.44498632646962	14.649874641052307	5.858235616355861	0.0	13.846146107956928	0.0	9.922832299694637	38.56781237035247	14.690736148407334	4.163401226351647	8.293342448230044	14.541314895161369
PWY-7315	143.01887536457357	27.733636667340278	332.46891240052133	611.684043723821	962.0165637142792	0.0	57.91141454958059	121.343860829766	17.98389295349977	0.0	0.0	0.0	85.67456219831836	29.972597781597308	41.92264750433111	0.0	9.990950012308707	79.78112281516965	0.0	145.48179234205105	83.35671832569064	151.08662255933655	58.74070495441948	240.86413963704067	162.6736871044365	44.818787490707486	103.43923445923008	164.57532888837864	336.25819951518685	77.28923025031969	304.21077857316146	73.83432559102445	296.2995241394525
PWY-7316	66.10098848756186	224.72978732633055	395.02239280287097	782.5383467134081	1054.37447009903	6.498990824073738	117.63391260088844	87.65810474443376	201.46008010116202	9.997168120886252	42.38537992572392	214.38097786138306	149.99957478848836	162.19431862338428	73.76021047613183	10.48723993615159	275.9267113268428	271.2490681935834	118.51030955870712	256.1261588211962	484.99034336018974	194.19068943100058	715.3103314732089	294.03729575624345	248.17410300711865	240.86452228299066	62.57203276263288	28.42852226522191	740.4169217363244	156.9267652305428	239.70606869160372	110.45828849031302	369.5879076621984
PWY-7323	4236.147722947937	1336.5162029658986	1764.959388772308	1996.706923391444	2811.8644228968906	1414.9763930675108	2185.0139855165444	1265.950419483245	825.7173884666104	1973.0874787961181	927.3415659788564	2600.780748476507	2209.6441537775663	2713.8282220021315	1267.7630023568988	1768.8771444941717	1005.0850931008473	1409.078277250761	1878.2065076427148	1754.0571307188973	1437.7213845736717	1929.2567857051647	1694.8088236275921	1351.0115787555844	3352.9220410578864	1684.2303262434616	364.9912958370449	1720.3512893242998	2647.100237231781	1246.076269246382	1620.7782580840635	1177.5503615742482	1375.9891063160387
PWY-7328	851.5023699220493	253.24952105499653	2337.9161721438636	2598.6317710336734	2690.1873480613067	55.46510662535636	515.5621859709732	307.3673778889306	721.4343822987489	296.5702726457717	299.35004050884964	1531.4764444136918	281.28807029414924	624.5882079156228	156.00704152141412	174.09159801631617	256.7354229901385	515.1858225566259	224.6436881077266	934.1505732774448	1769.4018277541147	736.536644365737	1358.6598224795982	816.7155793177748	592.5078509823588	695.8891750423762	190.1077352248868	393.6696283366813	1760.5856537837494	706.9320082378654	978.0701603975627	1002.3704861390613	679.7941582080254
PWY-7332	132.21991416840723	0.0	31.827345262379417	139.28798625815534	619.1689781785108	29.215876695323704	131.2811185659919	33.87463894465585	33.290067395115294	47.485220916990194	67.43351420281927	204.41234239496836	146.43508818069748	483.264223603664	213.90247234213177	334.6965330401927	90.32675435343647	174.51555191879086	147.4004849644112	124.45697069880944	63.25075306712203	37.7061074399802	0.0	0.0	774.0862597861233	236.15499186895732	38.522130192728184	167.28983957500836	471.47564140447207	0.0	0.0	7.988695825192727	12.76585287340526
PWY-7345	9919.394353019461	7613.75041163382	5148.780295504597	5177.0993324863075	6800.388573266946	9809.699347016534	10452.691937204729	4697.417855344773	7371.275923393744	9503.577156967955	3802.4339855540884	13141.359844199395	7568.295344057168	10412.71719620147	5628.675941040472	4796.191762422984	3582.868072187383	7810.475709800331	5051.665324484963	8434.105433563358	5495.77763792821	7939.376107876685	7174.701809932612	5238.222686682836	9633.401645823518	7014.899307504229	2176.6900608926776	7156.047176018313	7275.415068636477	10080.42907802559	6176.594039496778	4394.7824526491	4267.976505531889
PWY-7347	0.0	0.0	0.0	0.0	0.0	0.0	0.0	0.0	0.0	0.0	0.0	0.0	0.0	0.0	0.0	0.0	0.0	0.0	0.0	0.0	0.0	0.0	0.0	0.0	0.0	2.7549251539935904	0.0	0.0	2.6706485476817314	0.0	0.0	2.417140986049862	1.1612331575429786
PWY-7356	7457.017791260596	10713.736291268862	2746.309669381769	3125.732513313727	3865.3752724029414	4254.368659735766	4509.133692925889	3393.1619792964016	1171.4364853544982	4615.72773339355	2195.0857676814294	3260.3744690844933	3307.669644200496	4891.063008032979	1717.673771965552	3102.628539022931	1806.002276924564	3529.1810717672365	3354.9345626356708	4642.380469757101	3426.9075108803954	7082.51105328824	3826.5623188803925	2660.01168184192	10831.7515900071	2457.40637639319	769.5954001318433	4045.5481040411178	3343.225292851571	11029.519313164683	3410.5590127649643	1885.7822101369748	2823.6618893116865
PWY-7357	12395.647354464661	14077.324015372853	5261.362877361686	6863.120851891468	7291.633377230677	11169.486358631668	19875.93303403134	9862.880763516296	10175.984915902942	16853.195372780494	7902.468968627686	23722.69347095425	14249.932992315065	15979.10342790899	13051.339335542196	6506.365948113913	5201.185008086499	10489.739309995544	8277.446434111596	8749.163534365352	6439.807609099346	10997.273506237392	7938.670443957944	6135.603823748355	17288.976506904346	7548.270716007423	3037.116851668057	9658.186164876237	8138.240993638825	15892.015132979723	8343.801840510276	4930.048070166033	4987.20361777756
PWY-7371	1161.1749966578275	171.81277829124923	288.8421251968871	502.02583711429486	687.6127064402532	3.6699999999999995	116.80372406879	153.7720812182741	19.33	9.999999999999998	242.4588765872757	149.7558025263646	210.2679355783309	293.5752753121852	61.3723678414097	58.67	516.0486886522981	152.70484288914454	176.51268934100435	153.74455373733738	257.0645553697519	260.38002231987167	129.4923053029118	242.15535827520608	296.00309146710737	361.81333916928725	69.67	199.76535268928518	219.63391031713806	168.43933054393307	274.85092941765396	220.74230706780318	257.5074341178749
PWY-7373	1089.2854873905421	164.90635043044986	268.00771949648816	470.76683469719165	659.4661247603955	4.779578133907646	107.9311102226216	141.43609874768475	25.576115243475197	13.040614709110866	192.084444315672	156.17087810469275	174.76253943776112	304.030736180491	54.5020481009504	61.87451455445897	289.57378829254344	130.65805434490088	167.5263771953586	180.2842606201668	232.98274685465927	232.85530368184627	108.1455507938415	209.91416627501422	258.6683751823045	257.1468353384376	69.41727945443994	184.84546978058842	206.35389913289998	209.21515660965318	268.5702574527336	159.4089561812212	241.31252565441326
PWY-7374	1157.0263556794118	192.40024409015317	323.84776359595753	550.6813867349942	756.8731624043971	4.561757870434077	118.67609392209505	154.71750587875846	22.9279663256945	12.100230267365998	234.0177446829956	155.81787907507166	204.788628070194	303.7410308051125	64.98927952273834	60.31279551990314	293.26614012406816	162.08373060091617	175.02203877127437	166.49048983313273	263.0921031380611	270.7479034147244	150.64579650161193	258.12288379375065	298.2375034829831	360.1140317629982	74.56890771040088	198.3010143298356	253.32602703106537	169.65951220631302	290.0458076766195	219.90574584125727	280.32113172885886
PWY-7376	1143.9515250361915	14.521808260909943	82.53390137013088	156.49511793548575	127.67897038296942	171.71988318962016	2617.623946212004	5319.027814180956	565.8259533411132	745.2441505074743	1384.1329336005824	2487.534643492043	3411.714640512737	2865.0375784749044	305.39789832661626	296.71994921136667	2341.071510071593	2490.5886186408584	368.3211189669435	286.5117584139271	52.525241214214475	43.43057076025149	179.74178666788677	34.18471220491781	556.1550714036574	502.5459436869423	11.623886987486053	14.429098475030273	511.8799539938974	21.792915650270093	74.97571047827957	57.134163441298156	47.67486176781548
PWY-7377	886.2126831864421	352.55724315870305	1782.1462734633956	2392.7038495095053	1656.3315039397028	133.2524659109048	1024.6903002506313	255.97521382976097	886.1125026524846	418.4343790198766	446.22006371871043	1498.3913020401062	295.75388039001643	977.5283166088211	212.50419910398335	99.37970808926671	716.581094612197	662.5734975739898	186.6258115884519	601.3610912164875	1617.8727740751694	598.6061467763034	1421.953819247268	578.1102626155367	494.9512944299761	660.8809959751304	67.79315168486559	322.5151113504644	1326.358059797949	583.8645118281672	684.8565672482407	975.4499190691813	353.03790895267684
PWY-7383	2701.3874136480226	570.1934444920214	1586.1479652606838	1255.9663629099664	2534.046247723705	6733.813862451149	10727.507458607944	9272.250270397863	1131.9863677123794	10403.79644964627	5348.387173148806	13309.116939335601	9641.269520868425	10393.493730167178	6998.263767309803	2606.781220022125	4280.0106853559455	7867.945984227535	4707.769556176539	1472.6934799172866	786.2432068867912	1675.551576694485	1998.4145982140624	1023.8838980026868	3754.1124787771064	2627.837210298174	265.30857694989226	1411.3034559239582	2667.466477515966	660.3542940894519	1124.5815024081046	675.7642983306775	552.7603045767003
PWY-7392	6105.721857715837	2229.684550681883	3550.210214093117	3472.071049439515	4607.738901442537	10355.509413446784	12554.512022925455	8582.687220226748	5523.020704941603	10386.273472603893	5394.865744470902	14144.593288955479	9777.951813617643	11307.106642601992	7199.097938229826	3515.457848540687	4261.204999414748	7937.235497753191	4849.507214032164	5323.974617717193	3584.754789784598	4132.974076397558	4418.147609041369	3213.4362776453045	4005.0057946765646	4170.650825257362	1109.047551477986	4759.3025688862135	4362.115913538838	3343.124396315177	4015.1197350298166	2269.311203900911	2758.1477839914123
PWY-7399	201.96076237485798	0.0	3.0586837190877705	0.9545146816211373	0.0	0.0	0.0	0.0	0.0	0.0	0.0	0.0	0.0	0.0	0.0	0.0	0.0	11.053022182580913	0.0	17.50711169429772	5.187287237799279	14.479307808563888	9.657374989977816	6.040351994442193	0.0	18.52763926439357	0.0	10.670644083922182	146.34871262700617	16.201372888323757	5.221670115479608	16.218647503668524	9.402583498196204
PWY-7400	4638.6599811527	1280.7169449338296	2930.701800262154	3549.3776433180574	4263.256148649349	5110.471445398476	4374.6276072248975	4821.884983180638	1636.4557146736372	8945.997362545544	1138.6790223505661	3325.2201285887077	6099.3919454557845	2731.2441075336337	1359.9076438856075	1981.4349023112345	2654.116304254043	6065.483704017225	855.5268751167537	4052.9783471614087	1943.196199696945	2437.426426008066	3678.7765591560255	2750.1385129155083	3742.779524370765	3753.532079643128	861.4300014652737	1382.2231468650814	5079.849039610134	1770.1179081654864	2849.6122215710348	2253.3966382886056	2495.3284332553408
PWY-7413	11.986942936660228	0.0	13.966171685362587	11.977731764612157	17.966075259368868	13.995319217667435	3074.671800840014	3490.9783993146793	351.7344722295496	672.9236179228925	29.942842929442563	1936.6794364117704	2928.822274061454	1879.7725354656015	0.0	128.07071875116495	1201.3143109104558	2086.80512784386	134.7196018530253	91.325874332277	0.0	3.9976081914549675	59.629712917104854	5.995796100376488	352.0419459142158	55.7810919144033	0.0	0.0	161.7304052047225	0.0	21.94846116234143	7.992032281194682	0.0
PWY-7431	924.3557000216813	8.56483008907951	28.76116700591257	38.08267922344249	80.72358154710278	336.9556048834628	201.19760461399858	622.807158109274	24.827332457293036	992.3446469829908	94.23056583818087	270.9528969341577	1751.7986836331725	345.37003878599825	67.2192844785828	142.99379773899904	296.8216398985629	679.5171803211466	98.95272534726513	105.8045029630025	10.142952464300198	19.94607753546674	10.729621316342044	18.511973898858074	356.52794117647056	119.7507513925202	7.418181818181819	22.6323620393355	287.42036668341535	60.06502094348691	14.083656130764519	20.015281560544718	23.992574082397002
PWY-7434	0.0	0.0	0.0	0.0	0.0	0.0	0.0	0.0	0.0	0.0	0.0	0.0	0.0	0.0	0.0	0.0	0.0	1.57	0.0	2.86	0.0	0.0	0.0	0.0	0.0	2.86	0.0	0.0	0.0	0.0	0.0	2.57	0.0
PWY-7456	0.0	230.64342024512914	117.58735362060264	325.661904801317	159.53042789412459	0.0	0.0	0.0	0.0	0.0	14.032018895552767	9.576817730468022	16.285681263533647	0.0	0.0	0.0	0.0	0.0	0.0	57.673748038685304	104.95550398892486	79.66315853457088	17.239022058129116	96.82608625018588	27.19727932070588	82.14720184570777	0.0	54.50300535553722	543.3099603954159	96.14398613269856	8.01286780061231	171.81031496924086	123.58849533043197
PWY-7480	81.36623670989441	0.0	2.7285773084839993	0.8559743746933466	0.0	0.0	0.0	0.0	0.0	0.0	0.0	0.0	0.0	0.0	0.0	7.631267001243619	0.0	3.470692269849658	0.0	16.597446278927578	4.527193725514064	16.135598052244706	8.652803270452798	5.20061197118554	0.0	10.409366064900286	0.0	8.331061936520964	152.4678858675556	15.02986963695275	39.48795151308256	7.2255098609216235	8.352212792078802
PWY-7560	5508.393344842688	1750.2865674255713	3770.492355956694	5027.971015724398	4462.2805275432465	10089.166178305584	16442.705979379203	8098.799758962012	9362.015908808082	13233.89891066556	5489.124371137782	19044.336566740723	10071.759642236957	13538.274384273624	9936.89536654851	3544.2254934605326	4393.677028983591	8511.07519288373	4621.081430760303	5611.069132636783	3832.415490887424	3601.668516336801	5458.928451681268	4343.396938334296	3298.85187355478	6520.880524227204	2310.6080187858124	6124.356348614949	6288.982631480862	2719.246734487533	5345.1311540592915	4155.1829159227145	2992.071961230296
PWY-7574	39.536747396123744	0.0	0.0	0.0	0.0	0.0	0.0	0.0	0.0	0.0	0.0	0.0	0.0	0.0	0.0	0.0	0.0	0.0	0.0	0.0	0.0	0.0	0.0	0.0	0.0	0.0	0.0	0.0	0.0	0.0	0.0	0.0	0.0
PWY-7663	11658.053891709498	12179.582229261809	6810.913571188961	6920.209347738194	8466.527003643207	19045.61770717529	16387.76949292513	4413.0043389817065	12319.267843463285	13951.163977968248	3316.857444587855	17504.49645593261	5982.074013161461	14409.090212779984	8858.963047450781	5573.058516547916	3187.6464541505547	7830.51006671797	4723.293028828629	10227.732658198442	7285.481826267977	9724.262139787337	8263.333502974803	6321.811412203741	12627.347260859386	8464.154403370416	3098.298067932366	9156.505130648195	8912.732130403147	13223.943996063903	7641.807685099983	5518.397326494092	5172.218683339693
PWY-7674	0.0	0.0	17.940522508579246	0.0	0.0	0.0	0.0	0.0	0.0	0.0	85.06170750690711	0.0	0.0	0.0	0.0	0.0	0.0	0.0	0.0	0.0	15.95836531822471	0.0	0.0	0.0	0.0	9.990778215727822	0.0	0.0	0.0	0.0	0.0	27.892550161847154	3.996430066493018
PWY-7761	5745.260551663474	2355.436150008511	3197.825488532026	3877.672824929996	3697.622399249543	12268.476251283417	15464.041148014465	7721.190416474696	9609.704738006489	12634.242386061349	4579.134452155243	16689.276068992927	7826.73731214928	12342.562654883039	8727.25935291014	3947.8918725720137	3604.08877077343	6956.2372409792415	4197.40256923615	6353.592956749488	3687.6848839557338	4594.600717588927	5559.42417819578	4546.48586406311	3513.788760704905	6488.299625637791	2263.9872985661054	6826.930319756764	5824.816424351707	3544.5572201124523	5532.3916290684865	4005.3399681146866	3196.7479296477295
PWY-7783	254.38330124193376	3.643600303616464	0.0	12.784226779561616	0.0	0.0	7.997111371087714	15.890831556503198	7.336707574785345	0.0	1.997560231777981	0.0	0.0	0.0	9.991938305464055	0.0	0.0	184.99993074696326	0.0	108.29786596228271	153.53162763654083	35.49620366999979	84.93055294144061	55.90121366073949	0.0	137.99778121469302	0.0	66.40961168976798	856.3230820944776	116.22564529558701	99.37956240538033	120.38183539861787	69.92514982408689
PWY-7784	46.24409046595357	0.0	0.0	0.0	0.0	0.0	0.0	0.0	0.0	0.0	0.0	0.0	0.0	0.0	0.0	0.0	0.0	0.0	0.0	0.0	0.0	0.0	0.0	0.0	0.0	0.0	0.0	0.0	22.94546836442309	0.0	0.0	0.0	0.0
PWY-7787	77.27518208332958	0.0	1.8341409386681433	0.8223045052105281	0.0	0.0	0.0	0.0	0.0	0.0	0.0	0.0	0.0	0.0	0.0	0.0	0.0	3.3730431618847607	0.0	2.3365650928614334	2.453470592811259	4.420299543184905	7.942427005248866	3.8925957512147495	0.0	10.154028310749773	0.0	1.253535623911718	33.86734746413729	5.32045326210445	0.0	0.0	5.540897864283225
PWY-7790	12243.604284328823	12669.442705093295	5945.093412597562	6470.078657636363	8002.198948608429	20100.318521527755	20606.502917422687	10748.838643646402	12397.473387773041	17197.607290946275	6824.181192647569	21916.1805904046	12366.162349183352	17505.135660836753	11641.773132610208	6272.873207158485	5123.036937083903	11146.89369332304	7083.224377889818	9766.507445051973	6168.396546919774	10082.192305622531	8034.628448407765	6275.706220194457	13753.607475127383	8448.702892265428	2884.099917139487	9445.502999151158	8240.492627974003	13340.024519612229	7635.550868738832	5208.082088139354	4953.771884797989
PWY-7791	11624.557037736813	11632.937689260229	5945.093412597562	6470.078657636363	7912.212231350896	19019.53025717225	20291.281593017637	10426.761780800558	12328.33313710288	16884.078666260342	6676.859457623361	21862.061989711936	12011.640885068118	17217.736315587073	11524.936809692848	5998.864716092191	5123.036937083903	10939.648701804006	6814.745873988668	9383.082823996154	6141.522677918903	9466.539411995287	7940.971458399896	6175.5318995119005	12710.879017883603	8412.18810713064	2850.644434616028	9181.14304522334	8240.492627974003	12332.125810171709	7599.414855668029	5208.082088139354	4835.039753315031
PWY-7805	154.1203095153112	0.0	2.585469787850537	0.8089251005333963	0.0	0.0	0.0	0.0	0.0	0.0	0.0	0.0	0.0	0.0	0.0	0.0	0.0	5.448514586356082	0.0	15.028122195935751	4.369701698429389	9.60230034536118	7.689432372298054	5.0565159254250505	0.0	14.846260380141736	0.0	8.951361744743174	67.41256509041382	13.879267450763432	4.429606110618797	12.828146634543714	7.931253516115184
PWY-7807	177.36699577439217	0.0	2.9541130641115108	0.9254257843815629	0.0	0.0	0.0	0.0	0.0	0.0	0.0	0.0	0.0	0.0	0.0	0.0	0.0	5.997847925237947	0.0	17.032621425345585	4.9623551477504515	10.974862574998683	8.61985753801583	5.7448592707385115	0.0	16.629775941212777	0.0	10.090544341762454	132.03259796556569	15.647107168069528	5.051009463649356	14.84870233200837	8.970249987348138
PWY-7820	238.34361965454238	0.0	19.091924610391626	33.27125555686933	337.7212130741683	2347.7548811347015	117.64949465976915	42.90602616867827	189.3396405029374	2024.5482747825192	121.56806581648857	168.5939227247709	117.23584357932121	722.4875117297681	390.3060888438984	496.7999832010217	56.295827848665894	344.63677994280454	188.87894998915024	64.20572336202102	38.01651349414564	14.313981098412155	0.0	9.559919268910685	611.8548817453669	192.86955908643174	43.35157375940791	122.56939911549982	303.56143150899135	0.0	0.0	22.259296312861768	3.1948355766410397
PWY-7851	10556.574871750132	10657.539040349226	5484.615916667869	5715.528665457144	7041.99618528192	17046.722037381838	18242.651865828866	9517.948986391071	11087.28508458156	15092.339585882642	6040.229398998186	19654.923833738423	10844.926372856922	15485.74262141811	10341.433465718288	5416.151641708369	4706.114963469246	9940.35470191674	6207.603284682428	8674.40019541915	5612.762300895622	8608.946190085471	7208.566237236194	5525.974484334304	11596.69366305121	7530.79416457234	2627.0294743017157	8273.807134287716	7168.960298584856	11717.289651593275	6842.64295329138	4658.983917869506	4341.481349540855
PWY-7854	100.72413105806234	0.0	0.0	0.0	0.0	0.0	0.0	0.0	0.0	0.0	0.0	0.0	0.0	0.0	0.0	0.0	0.0	0.0	0.0	0.0	0.0	0.0	0.0	0.0	0.0	0.0	0.0	0.0	59.811656742078355	0.0	0.0	0.0	0.0
PWY-7855	85.3162125254116	0.0	0.0	0.0	0.0	0.0	0.0	0.0	0.0	0.0	0.0	0.0	0.0	0.0	0.0	0.0	0.0	0.0	0.0	0.0	0.0	0.0	0.0	0.0	7.700934579439252	0.0	0.0	0.0	9.559589002877617	0.0	0.0	0.0	0.0
PWY-7858	345.3813862735325	0.0	0.0	0.0	44.80879510167297	0.0	0.0	17.94126253489216	0.0	0.0	0.0	17.96640480016444	0.0	0.0	0.0	0.0	0.0	38.800937879479726	0.0	0.0	0.0	0.0	0.0	0.0	0.0	4.496661241933338	0.0	0.0	333.9696340769071	0.0	0.0	0.0	0.0
PWY-7873	82.05069955317964	0.0	21.006378619153676	23.70867412695738	54.95798319327731	3.55694187595313	0.0	0.0	0.0	40.76561807709349	0.0	12.647814910025707	17.10179640718563	0.0	0.0	10.092395494539355	45.40540540540541	63.95616673862688	8.868327402135233	75.03726475576963	14.099846116000958	31.955853775727054	6.232706582180266	4.177388183324131	4.070815099161749	51.99055620230511	0.0	26.57235017825816	70.82278304214887	13.779122321345678	19.689472105624667	22.562536150745153	6.032248989974562
PWY-7874	100.15441087625362	0.0	23.691311328401717	25.176226079821877	57.90457452041318	3.55694187595313	0.0	0.0	0.0	40.76561807709349	0.0	17.82958675177034	24.268796540956043	0.0	0.0	10.092395494539355	45.40540540540541	65.24221372090211	11.877979027645377	72.0668711940486	15.412996463722854	31.14573913043478	5.650868009791	3.9830795262267347	13.038527145609	56.6619347265534	0.0	22.537095202663302	108.14992237433394	11.22654728263222	19.689472105624667	20.824547525745007	5.4738709012167455
PWY-7883	3759.6264590227906	602.5608709540165	1825.6434217445435	1820.8545353274953	1580.804002187751	13970.539477417073	15017.477579354443	2166.6462719923393	10922.65508522866	11644.551189693213	1444.015996405789	14743.752490684647	3625.6945997023927	11273.281081976767	8059.445259336429	3448.723537920993	1306.3191283850833	5717.882370969417	1499.0064163875243	6121.990920661546	2905.9383658435477	2927.8097849155915	4666.645816945346	4235.283796538272	1963.3560547535174	6574.336476167635	2588.54891942708	6752.118681181836	5192.161873363392	2460.6422368121603	5328.08386320862	3784.178282243744	2650.1246242047014
PWY-7900	1328.238720921274	0.0	107.49098016260264	178.051465391245	234.75006507672123	63.68393514122037	4682.362715166177	6774.577491114361	275.422993447084	1670.2377534938516	3081.7443306945056	5096.595378623573	5737.152077886094	4779.618611389482	661.3744822780136	606.8838424314349	2920.351152196912	4050.7804270007805	1013.6640594385258	201.846503831695	119.86376602537773	96.48856276922906	179.47256234421337	80.98665561851973	827.6159250891258	502.77848878251774	8.113318155589065	99.70728081614924	666.7097734932679	75.12511314580843	104.26006484210615	70.5582581775365	73.44279093320701
PWY-7902	59.89414638434541	0.0	0.0	0.0	0.0	0.0	0.0	0.0	0.0	0.0	0.0	0.0	0.0	0.0	0.0	0.0	0.0	2.999690380613489	0.0	0.0	0.0	0.0	0.0	0.0	0.0	0.0	0.0	0.0	147.4079374006931	0.0	0.0	0.0	0.0
PWY-7913	17.822157822650663	0.0	0.0	0.0	0.0	0.0	0.0	0.0	0.0	0.0	0.0	0.0	0.0	0.0	0.0	0.0	0.0	0.0	0.0	0.0	0.0	0.0	0.0	0.0	0.0	0.0	0.0	0.0	29.40067684234453	0.0	0.0	0.0	0.0
PWY-7942	102.8895511309276	0.0	32.17946606286353	0.0	0.0	0.0	0.0	17.95165419374124	0.0	86.10210247127814	122.87910026215462	0.0	0.0	0.0	0.0	34.00531309297913	0.0	98.9009908149323	0.0	124.39200184811762	29.329792038784362	58.47954824458528	0.0	0.0	0.0	85.04291208799256	0.0	21.76767932146579	179.1617914542698	8.866029607678678	24.465770213864506	39.96328037136674	5.4230259914331445
PWY-7947	0.0	0.0	0.0	0.0	0.0	0.0	0.0	0.0	0.0	0.0	0.0	0.0	0.0	0.0	0.0	0.0	0.0	0.0	0.0	0.0	0.0	0.0	0.0	0.0	0.0	4.848484848484849	0.0	0.0	0.0	0.0	3.5593220338983054	0.0	0.0
PWY-7948	7.448524365133836	0.0	0.0	0.0	0.0	0.0	0.0	0.0	0.0	0.0	0.0	0.0	0.0	0.0	0.0	0.0	0.0	0.0	0.0	0.0	0.0	0.0	0.0	0.0	0.0	0.0	0.0	0.0	0.0	0.0	0.0	0.0	0.0
PWY-7953	12231.640973357518	12544.299299642264	6429.171912076256	6690.0606536118175	8411.483514181979	19129.44388560191	19754.21957504073	10788.440857067419	11683.412210138673	16765.883088995004	7091.4498029288325	21484.899618182855	12442.951686533152	17074.82516890757	11341.061199686279	6086.471789870174	5244.710456907036	11105.38595315719	7482.6534142685705	9631.728231203659	6344.549063884723	9952.034548703821	8047.312204595221	6084.328076075193	13605.309783606956	8116.152354931848	2756.1794058957425	8991.10446316385	8030.428509760294	13574.109924636086	7467.4457235959035	5045.685365057109	4948.6071607812655
PWY-7977	3943.741733921269	1331.6826953168	2862.329190590529	4051.115040667851	3107.624397792811	2226.2447957624304	4946.456412617083	7416.674480900401	1898.4254198702415	2308.8166261837	2612.2653285266265	5166.666967952879	5654.235746660368	5282.724272841855	816.8288903059353	771.4200680387167	3593.1417132986985	4659.705590311779	925.1882893615062	1692.199442034034	2899.332280508186	1993.1694843862044	2956.7332928145347	1217.84098175761	1614.0944245264718	1874.4788834473018	419.6087999217981	1034.2427545679307	4396.375437476708	1570.587419781285	2174.4739986682807	2043.1132237230906	1175.653122539446
PWY-7992	2162.4419610511345	326.6631503588265	657.5227608120432	1043.0104971690603	1325.737376458372	9.779972565770475	307.3979672945619	383.7831401983464	51.362688071335334	26.627596465161886	572.3542275455726	393.33130589126455	529.498404344392	750.8143490773751	161.73795268551703	151.6717651719261	1032.0798333499856	391.8494923631563	420.36390278596355	389.6347916743914	599.6088948705986	589.854603218163	328.4896997886447	582.8491202044404	641.3167896791387	872.7030200095157	175.95655982932712	502.304776792029	546.6292339304599	392.9537537587498	664.4973628793562	532.5323361549954	574.9891904460135
PWY-8004	5535.0346269555785	1152.5160106156486	2269.4672716377618	2032.9741725430088	1830.3160104191381	13661.47789115026	16979.676628524066	3740.6443022871754	10633.729530426313	13100.422208035627	2399.519216235562	17721.317424326095	6225.070993118795	13376.483320292036	9566.94261849276	4356.531364683169	2193.031745630539	7482.474774460853	2274.05292162431	7113.912265158986	3418.871762831731	4642.085310632284	5413.780145385635	4649.501581035437	3154.632905462546	6738.959850132925	2469.4616173315144	7241.243262534842	5270.630145546949	4472.586536578231	5628.999837595014	3739.0820223752717	3225.761673185038
PWY-801	274.7820756820783	37.45268372845154	54.35214732180089	251.54735990461157	32.93733297424955	0.0	22.490536192683678	23.97947584296027	111.36212740283821	0.0	1.4998661194821143	82.38423516373167	237.5123571330996	45.9589814810285	0.0	0.0	0.0	8.622441594190862	82.1224306562176	52.954458487020155	67.75045757732494	289.1692650215779	153.85468949236525	25.083445240410963	5.5041039144903605	39.85493184139123	8.989176534727289	73.26380818719588	384.4724218466774	55.0314207542995	256.424897657935	13.48457832181679	154.42779757660284
PWY-8011	147.45357862272738	42.0	86.17999999999999	208.83	43.4	0.0	0.0	0.0	4.0	31.0	2.6	53.8	0.0	0.0	0.0	5.853658536585366	0.0	34.41200373472904	6.0	110.56798903465828	47.936133836794625	224.69	105.75	34.703243352953116	0.0	82.04702493746684	6.0	63.08792661121045	212.39894075663418	58.12849792055069	177.61	37.13554281073948	114.05000000000001
PWY-8020	109.32148581114075	0.0	0.0	0.0	0.0	0.0	0.0	0.0	0.0	0.0	0.0	0.0	0.0	0.0	0.0	0.0	0.0	12.268582481348437	0.0	20.23171538084499	6.287647858599591	12.91854130315255	11.157241510873712	11.104920460230115	0.0	23.301820373759934	0.0	15.1294468671104	75.66151342554923	19.867364245510583	3.5966527720615353	17.58987559557634	9.353575244879785
PWY-8055	16.315605292864543	0.0	0.0	1.0693997952308398	0.0	0.0	0.0	0.0	0.0	0.0	0.0	0.0	0.0	0.0	0.0	0.0	0.0	0.0	0.0	0.0	0.0	0.0	0.0	0.0	0.0	0.0	0.0	0.0	117.40274477563395	0.0	0.0	0.0	0.0
PWY-8073	3759.1990922091427	809.1819558511651	2718.6387277644526	3538.190601578352	2608.4991638033925	8115.506392932401	11653.646211875768	1262.855616500828	8852.856173403126	8485.59	1271.5089342388212	12031.116878034018	2479.937885827022	8424.347244858036	6389.036233794465	2555.96	1085.175585859923	3913.2734287248827	961.1230783215266	4794.012803878292	3036.4177866263435	2376.508813823539	4062.2960908278947	3667.5514178826297	1489.3936303653525	5384.113546163432	2182.42	5584.577042995538	4704.982774482249	1977.3605233077483	4518.739573072112	3627.437335135466	2237.8203998025524
PWY-8085	18.068702613609606	0.0	0.0	0.43	0.0	0.0	0.0	0.0	0.0	0.0	0.0	0.0	0.0	0.0	0.0	0.0	0.0	0.0	0.0	0.0	0.0	0.0	0.0	0.0	0.0	0.0	0.0	0.0	42.28533803778739	0.0	0.0	0.0	0.0
PWY-8131	122.46195784921588	43.89786285463438	121.16617183824039	97.74142135671653	58.84116118029299	6.136749513097661	58.29882202109426	55.73604674758457	124.8193469912868	0.0	19.903007062259494	120.73598872750459	58.26101433605277	121.95139730314797	32.61336733992994	9.610062054501707	18.697571013619108	202.66427626717686	39.93420847033048	63.67326458970944	60.345219738787456	93.10225257793098	338.45219781628475	55.70568117684122	31.131605843626087	88.76506731054138	14.603829218844279	24.73420601215826	119.86841184822364	49.12306866855632	68.29232628288831	33.214366313361914	73.0530888175882
PWY-8178	11633.0088165349	11249.874017273456	6500.357941375508	7248.317892330537	8176.522595769603	17995.705676076286	20239.09800513655	9805.915370874141	12437.108253040344	16540.34151422612	6806.119602731069	22159.62444702773	12300.924458940653	16712.863497534374	11529.464917691175	5807.7582971933125	5021.772035265202	10835.350259226565	6825.206947810139	9510.204209701638	6607.327183537417	9364.48645873503	8368.999203662775	6316.429257294092	12041.497573040062	8461.112763628395	2905.0596258970068	9175.941358402213	8731.445491941944	12276.848946441125	7777.619572287703	5522.748596085269	5021.51758244916
PWY-8181	19.203622662748064	0.0	0.0	0.0	0.0	0.0	0.0	0.0	0.0	0.0	0.0	0.0	0.0	0.0	0.0	0.0	0.0	0.0	0.0	0.0	0.0	0.0	0.0	0.0	0.0	0.0	0.0	0.0	0.0	0.0	0.0	0.0	0.0
PWY-8187	3620.5977938583937	787.2566222699543	1310.350561318738	1055.5072876886898	2554.151293489014	11151.53397768504	7823.274406762036	4280.652204263638	1350.7880592525241	9381.43147597378	5855.685098548649	11490.493220249979	7559.57621503988	7186.536979723761	7408.428697537734	1886.4983273991477	2246.833282822277	5503.729827777373	6445.8779074321355	1593.5797117654279	921.2747044946336	1321.6001521335102	793.9462315914092	717.7893153206655	2206.513162278034	1741.338256668968	97.99567570700067	624.9461577679072	1046.74521611972	1247.9912762705217	474.95487784205943	455.02938645229915	996.4978096526032
PWY-8190	50.336570579688654	71.25598931448307	71.7585468371939	386.87003548283445	474.2867453604379	0.0	9.709564043578393	9.690190525969596	57.96508663436137	0.0	118.02826767906096	9.899761487685128	0.0	0.0	6.7651454359306955	0.0	4.766912804524094	0.0	0.0	101.81179294824348	426.72705472780945	81.42595218538115	365.6621638284915	44.445718650086995	78.23410623139429	139.4541802964716	0.0	16.177454882002543	679.5878996105105	104.47565926382399	194.27327905669497	106.98111907877517	36.58584005623176
PWY-821	2164.155275354092	105.8570800151054	386.7594769618197	728.2791575243582	375.2348461313309	0.0	2387.3421780509275	113.61658133518378	1682.1270083411516	0.0	357.39898690073903	275.98467147752064	251.86767487195422	331.83078172029144	108.03614911671613	0.0	221.0480235917603	1197.7990533647344	348.3852751062598	754.815464265847	1056.593435280778	408.1877742202074	369.84877220992195	402.22424272412127	306.45485423207947	1093.3066113887314	6.9828530601938725	451.32697221627706	2491.509822935901	1213.9742305985512	476.57633797191284	891.941358297282	350.67201732164295
PWY-822	212.0	16.0	456.6	63.0	596.4	560.0	1626.0	629.0	5.0	2526.0	2537.0	3464.0	2295.0	1431.0	2665.0	401.0	455.0	1119.0	2589.0	10.0	0.0	0.0	0.0	30.0	355.0	140.0	4.0	5.0	15.0	10.0	11.0	0.0	11.0
PWY-841	11231.881763557154	11123.921157011126	5708.432806674683	5942.8512715362285	7565.545086508042	16031.873242512333	19991.40389467912	11017.61610216633	11250.590925174476	16573.032497073513	6961.116989139373	22257.93082995621	12477.129343324445	17078.354813154834	11657.516791147209	5856.465585854014	5489.300460519833	11098.123700909684	7068.244102928445	8899.691960426475	5781.918170569415	9032.185197835286	7608.488010687007	5849.0337138192335	12521.960861557893	7966.740908816518	2783.813163327518	8703.448034242838	7763.583903747613	12060.799468618381	7189.183960687189	4809.3682609819	4521.198052923026
PWY-922	533.1758566865988	0.0	0.0	41.02695551913451	9.0821079085027	21.555079069428988	0.0	0.0	6.982577799894024	0.0	0.0	0.0	13.960285215129591	0.0	4.892339644180224	13.492367694556446	141.81865947235323	56.39873945968965	24.387552194762	0.0	0.0	4.197708990365931	3.495918868577702	3.494047875095114	8.149889465847496	24.56362168161682	0.0	0.0	185.7330167007365	0.0	0.0	0.0	0.0
PWY-I9	9502.309494103854	10237.841931683555	4293.589873018297	3896.6137263362066	5975.47579001418	16365.98383432379	16916.42397983137	6325.507490259292	10675.765805896905	14420.224827321143	5406.890833521303	18366.947292258108	9005.18752362429	14018.079649595718	10127.763526629305	5200.876803166997	3333.833502485674	8629.013242951994	6012.991717318864	8239.878726161005	4618.275250163358	8223.136392295351	6454.824820037199	5153.112500340242	11175.297695020505	7053.4547845218995	2538.990017186287	7831.685333000287	6000.313097406022	11162.442955149716	6364.5507150961785	4007.386204065482	4023.882753864017
PWY0-1061	10962.224011401622	11254.638312476418	4913.519967205432	4367.3912829202345	6345.065887556264	19615.390161119893	20917.368740456648	10480.91924424399	12747.449616387838	17080.05445715649	4917.907322489294	21911.839235376345	10989.513410360485	17523.538093501058	11498.14297258506	6164.85847872288	4797.764043227079	11182.742379005862	5123.142728914366	9942.734854074377	5787.691892751478	9412.971909039352	7905.143289989754	6291.30520885483	12655.811775329465	8633.899909093034	3035.372017413223	9554.750980400057	8150.431177290514	12696.866514086256	7739.352378748003	5108.23027738383	4952.714857837567
PWY0-1241	3261.023311661546	716.2574060912642	2676.6478983239303	3537.8730166228656	2660.761543319909	7090.675526860937	11557.986318026311	1207.4200457259237	8719.653059654254	7778.7726854917455	917.8002070264381	11984.102921906082	2394.101830518413	8143.191291952834	6273.510880066548	2374.4826567903733	1152.8386444601333	3770.815548173942	825.1028806043124	4739.140145339692	2988.61734812207	2366.664340512124	4160.972032310476	3647.0494609457696	1308.8651883934099	5270.899005321169	2168.665031754507	5320.541635652408	4184.723172012463	1950.4864578648585	4436.254654489105	3333.2955853926182	2258.8959749867886
PWY0-1261	4422.876667970365	751.5294691486905	1825.6434217445435	1905.3457164175882	1580.804002187751	13970.539477417073	15017.477579354443	2276.927267032585	10922.65508522866	11706.55810055931	1563.2552494794838	15083.757040279865	4168.193707451599	11665.327308970263	8203.182288310734	3886.410876136538	1455.8302451025534	6190.374321939961	1559.996664022101	6666.906914000149	3013.6977518279627	3460.986079156182	4945.6704984976395	4353.612384105186	2414.091084120667	6574.336476167635	2588.54891942708	6827.399799945203	5403.876663399154	3045.858928892961	5355.743088603021	3784.178282243744	2971.2879309105556
PWY0-1277	126.42548157324389	0.0	5.380072829642162	0.0	0.0	0.0	0.0	0.0	0.0	0.0	0.0	0.0	0.0	0.0	0.0	0.0	0.0	9.509641876324078	0.0	27.511716841449584	5.4753988846379755	20.854417152974246	20.783078835667034	8.050936779855784	0.0	26.633053777950476	0.0	11.018943372421585	122.66694395300851	19.037825900297193	12.735083053101256	13.108757022411641	17.080294148491674
PWY0-1296	3863.137254626407	896.014417832992	2593.6649180327868	1693.0489045915247	3675.982163365477	2615.126338407726	6244.67611139052	6650.762747774199	957.317829945571	5324.559254696583	4638.043264741205	7747.473354748693	8668.238226658475	6850.413049483032	4054.1672549508153	1498.929421789864	2942.7118341595524	5384.329739059346	5135.552503568822	1614.341059990204	1252.2081120050152	1718.7161942548075	2487.2189516217954	1055.6848464312545	2465.907764440435	1706.9416416185832	174.12852417887242	1052.316420800647	2552.4840510092113	1785.5997024639075	1183.0818724620408	761.8834867988068	952.1193306583914
PWY0-1297	7982.163261249802	11809.151953294593	3888.007217344705	3361.1109564287117	5375.672631510716	10899.711328362559	6476.699377356481	5146.296245281363	3533.5387661149716	5246.35829010566	2954.9650172057172	8098.652905315737	6867.312834574105	6884.803740113826	4119.868456699841	3120.2150276646103	2026.5267015972436	5218.844322058475	3961.35551895898	5365.940523888623	4086.662292904828	7686.1411080387015	4491.2348044023465	2743.6964935145147	11491.107357214518	2755.5188277513853	724.9933118277842	3787.88933541371	3744.4642269828933	12148.76294318331	3449.490829210443	1997.6422216863343	2909.260292806972
PWY0-1319	14410.804527562957	12585.690678388855	7400.85336414164	7365.633707095809	9224.204540876304	29071.334921602353	25741.75705242309	11420.461760686443	17431.520738771167	26033.709437531128	7889.364078954436	33421.963427430885	15113.339223208324	25642.84445352169	18001.71389866211	8884.75890956832	5775.489396372058	14358.059977118819	8038.3805791682025	14384.352488735702	8031.541453649993	11977.807985198657	11637.147603697182	8729.830585016218	15049.67325066635	13645.121510781606	5187.639064612374	12186.655731720432	11617.202879380484	14731.026810958914	10175.584850299476	7243.46523577142	6957.495061932427
PWY0-1337	376.8371945709156	0.0	0.0	19.300075677232766	0.0	0.0	0.0	37.08078336756969	0.0	0.0	0.0	0.0	1.833239461433157	5.7412067023584274	0.0	0.0	0.0	330.8506475613891	0.0	174.9264425852164	253.6702901290574	54.016549445219056	101.938928114316	76.38820490819607	1.7569824586970408	208.76964357098535	0.0	152.90536380295376	790.5980719852554	135.96470263593966	212.6148682612934	178.87678596819515	63.20057099343718
PWY0-1338	10.666652142338418	0.0	1.6816393442622948	0.5270654627539503	0.0	0.0	0.0	0.0	0.0	0.0	0.0	0.0	0.0	0.0	0.0	0.0	0.0	20.049537551541132	0.0	9.1	13.93491082748711	5.12	4.38	2.7499999999999996	0.0	9.15948717948718	0.0	5.0	65.8955170225343	7.75	16.39211560920923	8.546693505099302	4.672976588628762
PWY0-1415	786.1970120840106	203.21001822157683	579.647409215111	596.2714306352685	735.807001904081	1544.9943642586923	3332.0991237330386	1131.4328369009218	9.335409337311036	4327.307851511718	1551.0011347342283	6742.462678664658	3615.741596547246	3395.0144279724427	4371.429678767836	718.8541337037918	812.2084865560516	2152.4184781978865	1506.4555994947716	328.88928542698875	149.62373663452928	194.1644863805905	639.1223190907742	147.3307112888606	739.0859124921719	622.0556877241289	290.6037731806644	108.40606868350416	482.3607892241573	199.63130871624625	269.8236755513593	155.06435892764011	169.36736672300577
PWY0-1477	818.8104575745505	17.594576715593416	11.033870818175691	21.68903464644661	24.77661448423653	0.0	103.88723405231354	55.916984240771114	50.35462658243224	0.0	18.379689852725036	35.98184702081038	0.0	3.3198184529564476	11.196612509303176	4.799097300363901	13.586996588854298	196.56893686792478	0.0	144.01909744268212	154.08972305786804	99.01516500706106	93.05956238362937	58.55524808778647	44.76756819995301	134.826308618486	0.0	96.98775099409161	1042.6173168592745	146.97610058771238	167.1141228389483	94.05942056763453	65.4960192994611
PWY0-1479	4629.121983062987	773.3396497460102	2182.9074847404154	1968.037393777166	2222.230625240773	11309.570365510031	15273.025499556208	5138.827479839268	9590.523586091575	11676.27834034742	2936.1256909768977	15984.620923713295	6876.840621590834	12173.845086023453	8262.690784514129	3722.914656526803	2771.475280509636	7250.653010685098	2656.023470596446	5886.375868472984	2843.5341663249355	3347.326204752347	4664.1845281423375	4042.5577938785564	3213.803775552756	6078.444453247068	2290.955551147871	6315.936641806862	4960.098750527793	2738.4984598632163	4900.222087458026	3464.5040215129643	2583.967155228328
PWY0-1533	145.98829853003582	0.0	2.43230116945441	0.7636329072516186	0.0	0.0	0.0	0.0	0.0	0.0	0.0	0.0	0.0	0.0	0.0	0.0	0.0	4.620640941792021	0.0	13.822299527494351	4.0401554944533995	10.190429169472676	6.855392176940405	4.681212589302954	0.0	13.212599366097129	0.0	8.105726872246695	124.60549442133888	12.572202777464154	4.143368113795282	13.950391568608092	7.25155095316545
PWY0-1586	30808.84245293727	32868.05041792978	14818.576025777042	15714.921011229802	20468.94497592127	51843.58767259529	44669.21538912364	14246.904535903712	32644.14835369502	35632.533459177816	8166.9541414819705	41978.67573605647	15081.34099311692	36165.18318099854	22454.506998879737	15027.12165793374	7193.818084208336	20946.802070188365	11403.019016778471	26743.845774657457	17261.111726921627	26179.871731681822	20160.91662843414	16310.325259327583	33983.407195991815	21194.49338717321	7975.506454783556	24930.46629998854	21424.392324529294	36263.17582894066	20258.54610386936	13601.300490616635	13601.379806723417
PWY0-162	10401.273620304102	10714.566907748753	4845.969346226256	4623.109924636852	6636.249061377026	15412.098359455435	18062.574619149174	7138.8876453716775	11187.34089567764	15047.088707627096	4576.883946942187	19072.300063239694	8721.817584621755	14872.480849185938	10074.896943267031	5549.072040465354	3649.276686928166	9050.39856468576	5149.802111556484	8533.819019757215	5199.522078097075	8663.4719974092	6987.720832519524	5621.575924881099	11945.30398742862	7619.517067838779	2745.3423820992634	8624.364135829743	7104.47732983078	11620.707796544708	6932.774501964342	4492.660514732432	4251.584157312259
PWY0-301	1372.6984418320308	127.8638648034254	177.0337002708649	163.28291732823598	215.34149385382378	219.09039998877333	398.2216738947487	49.3333170695827	1120.4610387152964	463.54083980427873	760.0601244885418	1142.4750051642886	2295.913647860834	1434.428213943765	79.88967060365236	101.72020003485295	217.85040971232493	444.77050640988836	1728.8712066685525	462.14946293909645	253.52520014533263	268.8182304165756	146.11313469456928	116.16956205409392	192.2682157145902	352.6819470616458	16.381437768240342	173.95102984307778	391.72158136775124	895.0265265856104	221.24085216871225	138.79164586335702	193.79630017015253
PWY0-321	205.2719540244444	0.0	3.9217285024233477	10.594493718264028	0.0	0.0	0.0	19.95495156297582	0.0	0.0	0.0	0.0	0.0	0.0	0.0	0.0	0.0	29.9790029219721	0.0	51.09408661032379	19.75827854080052	32.30211335371696	31.37381951811464	27.23637759692896	0.0	55.26907693541531	0.0	37.03011080708457	377.0876002826986	55.65540181765851	13.969626470407553	46.81382021042272	28.045290824666555
PWY0-41	108.25877437016933	0.0	0.0	0.0	0.0	0.0	0.0	0.0	0.0	0.0	0.0	0.0	0.0	0.0	0.0	0.0	0.0	26.535830560823268	0.0	2.126791835286574	15.070927094634866	0.0	0.0	0.0	0.0	0.0	0.0	0.0	201.18576001388044	0.0	22.5726759602772	2.0916606794347516	0.0
PWY0-42	525.2894378035636	0.0	45.989353574005115	15.887602913179865	36.17516801274905	0.0	17.483308846525624	34.324731279056586	3.7489590100206844	77.03100382509486	2.4947443467315673	0.0	2.4982570953013905	0.0	0.0	29.766064847963108	0.0	121.70520640150683	0.0	155.99324961373273	33.499926014340964	67.13993871278431	16.81875899666547	2.323938258607991	1.2488738394608812	75.51662664096796	0.0	27.407816080349527	1091.6337808751564	7.473429008169809	86.23948847996091	40.52059969891122	35.79808956171947
PWY0-781	7434.161248371926	3218.935550166688	3776.86308033293	3976.8831301558444	4175.859063248585	7803.818741671737	10762.00010304095	5872.560368328866	5522.000130526508	7035.325007494669	3771.210956998549	10271.576149324508	6585.82772229657	10150.838896363492	2973.3184843721847	2580.710412020065	3198.5957706995036	7072.484261351906	3021.8526393705447	4841.25291715475	4332.681393483771	4944.084108562985	5348.116461932214	3235.8290313608045	4970.688471575787	4503.851384320084	1236.7361725569572	3586.2467814494807	5909.190481879241	4732.177429735762	4621.154696771056	3367.098694822768	2815.2438811948487
PWY0-845	2851.2263531412573	590.072375066162	911.9236058938925	831.3709063285464	170.92836370775024	55.720371865584625	0.0	203.11243802093077	193.32635891116894	0.0	1484.5277541155322	69.52373502327919	382.97015680196307	1095.8710868595422	82.77955982472434	0.0	126.90003171921532	1930.1772902747052	521.5753478502079	1475.1826760171605	1581.08668515121	1099.004916978099	798.5106502966903	1136.509675966952	167.20381477170682	1533.6084013578998	560.2510246903392	2596.534106266811	3207.2811049338156	858.1107928320773	1552.7795424921978	1801.7585276557686	672.4885427998813
PWY0-862	8525.571076585327	11057.577729113582	5022.925722417813	4512.263624957248	6516.03339846167	13992.678028269005	6634.464522552841	3242.6038679907065	4137.975281155081	6848.956198035678	1858.029018514884	5194.5904339779645	3124.627539282357	6416.297261542389	2487.2367828919523	3876.98256392073	2153.8182762731526	4362.772262306438	3370.113055341369	6378.87684431346	4996.907542939965	7824.793296156179	5049.930182922671	3404.1400003567105	11340.92609535292	3376.459993382715	1348.0130433109932	4939.124481290758	4510.3659282169565	11539.692079896438	4266.701862779131	2459.086166845166	3188.000560847611
PWY1G-0	212.71631148292533	7.075010785788411	56.5	27.636248415716093	151.66	371.1053692966978	2221.380503929022	5588.099041240554	205.5	1300.2755824155597	1083.3481689408718	1820.546537081324	4032.8919836603004	2468.931899719221	221.36103089606289	315.33	2214.8033484294783	2651.8699588645354	308.9659397835873	151.07999999999998	16.67	35.945622435020525	49.69681908548707	35.67	623.8948292371527	310.14746123441773	8.25	13.5	216.7732212512456	69.08	34.67	19.644444444444442	46.67
PWY1ZNC-1	889.575272019652	33.7326593579194	144.287864642718	274.99693630879466	235.14282073454584	1073.6990405962872	6444.438132701405	6937.234026179715	544.735998308433	4866.130877437705	4459.784148702798	8892.834641667912	6274.819505910661	5886.321804607397	4704.06253643024	1021.765711443869	3101.2230538222902	4825.163739217303	3735.6387269217116	236.98969016361337	412.34956774712487	128.15825869249386	112.27050665124872	122.84040576194569	971.1618311492952	609.1303527048922	4.496247124029283	135.04322347590906	1066.270471720666	511.5762722088055	145.21894461719236	308.4437432982115	109.80039828038088
PWY3O-4107	5141.87954771704	1258.427989674867	2425.5372177424933	2817.8726144484986	2740.2114285005305	12119.924537425793	16711.833180203455	3560.507982323838	10412.242423636628	13613.859704736074	4983.338673274016	18884.102265973692	8526.341016728267	13227.968550972562	10534.843750146978	3967.3652223311715	2653.8761857492846	7175.775268431658	4637.889570893225	5762.256087503181	3065.2811684935714	3634.8996810388358	4893.671269871931	4527.8697125187055	2806.7849968139544	6657.060264673142	2317.246584615539	7015.977781397876	5587.936775312638	2777.075152353344	5590.242304685989	4079.5610865157673	3011.033765635433
PWY490-3	525.1436179604538	159.57649697032053	2067.8421151170915	2699.112489111551	1882.6892479522564	877.7621437278148	5880.753418101265	7271.6759641484805	1127.898153908508	4245.573724548387	4696.970114918545	8451.37799968861	6382.2075306843335	5307.269867058465	4004.739027718475	859.7468280673022	3168.872638205315	4523.749423017742	3978.416845061433	624.9811379709469	1589.8656974917856	528.8360244672805	1336.5245914029429	551.6887446935538	1124.787073917911	776.6327745834731	54.00793728386509	262.40466118581173	1250.120264488782	634.3500672434457	718.2682904011801	825.245933321847	298.22664329836664
PWY4FS-7	13020.726663296928	11780.73444606212	6340.0208838991975	5805.870579484028	8407.361934487371	23523.40570926505	23234.683842059803	9937.585935646242	14547.374881538368	21633.04265847371	6597.839883691436	28553.18531695667	12681.216807573328	21908.878841931877	15317.822733223955	7375.617976884324	5432.422003283067	13228.511719711096	8083.333748075703	11754.087731508502	6807.100519328218	10867.139239100536	9736.007203061898	7413.924243955752	13748.595259289761	10747.756546554001	3920.9060302348053	10555.25729938708	9654.467154124171	13492.771536053328	8759.482304402945	5896.521139489234	5819.601465937541
PWY4FS-8	13020.726663296928	11780.73444606212	6340.020883899198	5805.87057948403	8407.361934487371	23523.405709265055	23234.683842059807	9937.585935646244	14547.374881538368	21633.04265847371	6597.839883691437	28553.18531695668	12681.216807573328	21908.878841931877	15317.822733223951	7375.617976884325	5432.422003283067	13228.511719711096	8083.333748075705	11754.087731508502	6807.100519328218	10867.139239100536	9736.007203061898	7413.924243955752	13748.59525928976	10747.756546554001	3920.9060302348053	10555.25729938708	9654.467154124171	13492.771536053328	8759.482304402945	5896.521139489235	5819.601465937541
PWY4LZ-257	63.00755978207696	0.0	6.8242232069840165	4.283635463608196	0.0	0.0	0.0	0.0	0.0	0.0	0.0	0.0	0.0	0.0	0.0	0.0	0.0	118.63951356796417	0.0	98.38676361305421	59.567284539279896	64.15954156162815	62.390255466904875	54.06120521892596	0.0	100.69981532001451	0.0	74.00826924687149	191.2786315005513	114.58405266270879	64.018913519714	84.37553690806152	57.50675891897822
PWY66-367	133.1095383928388	0.0	0.0	0.0	0.0	0.0	0.0	0.0	0.0	0.0	0.0	0.0	1.3330300065973566	0.0	0.0	0.0	0.0	7.751503630795378	0.0	3.9584548765122847	0.0	0.0	6.649666679850959	0.0	1.828902927937538	5.865008895111345	0.0	0.0	302.08423587383635	0.0	0.0	5.849835835483732	5.717905685662371
PWY66-373	0.0	0.0	2.7594483891930386	0.0	0.0	0.0	0.0	0.0	0.0	0.0	0.0	0.0	0.0	0.0	0.0	0.0	0.0	60.766446355808	0.0	12.471611149951169	31.824521659682095	10.2344574662652	8.755508620474819	5.49755679358516	0.0	11.232472184618002	0.0	9.994216208766428	14.487901087013139	15.49022614035142	42.63803421736689	9.71109886314504	8.752456118669988
PWY66-388	97.73928207622227	0.0	30.66732563984179	0.0	115.95394861056417	7.470405354658544	4.498195638161164	0.0	0.0	0.0	0.0	0.0	0.0	0.0	0.0	0.0	0.0	0.0	0.0	0.0	0.0	36.89133683670525	22.288247628594224	29.10835422729244	77.54440012677517	99.40396747093097	0.0	0.0	252.09058204551886	51.17999616125078	23.71839084429308	0.0	48.19881532304169
PWY66-389	2666.781581772873	549.5614236585564	388.328067778117	858.5598872089148	429.67836295217285	633.3368714145204	3767.0871594371542	4407.441162709537	612.7182992234265	2478.765855297707	254.4677457156538	2396.541478699652	4193.162476177458	2203.6304577431347	106.09313494432419	425.379584903127	1616.2221203504853	3558.772657925717	315.0264980534527	912.3978605198815	594.7253865165866	778.6505176334267	796.3612553162232	328.1018907190282	1088.0464343038304	623.8534291440815	50.74127877556121	435.69582668334397	2992.976943193032	706.4046077192577	679.8614464528638	551.0854210002369	622.2323091351157
PWY66-391	297.0520487530415	0.0	0.0	0.0	24.730511304153918	0.0	0.0	15.796060706082901	0.0	0.0	0.0	9.68883562841437	0.0	0.0	0.0	0.0	0.0	37.03426495195624	0.0	0.0	0.0	0.0	0.0	0.0	0.0	4.458444684213059	0.0	0.0	308.0661238035566	0.0	0.0	0.0	0.0
PWY66-399	3464.4426823230265	772.3510437873764	2109.9152434578527	1803.6987528246243	3212.1557796765132	4662.858497623406	8504.711704606081	7798.291116236216	1408.746736159124	5843.982330178056	3316.2749128879354	9110.385871828978	9025.366734229403	7698.141035951424	2104.6658690159384	1683.440756612525	3832.8499473706156	6018.96116769018	2654.429211426175	1676.004736184045	1110.8668235359135	1872.0836918343366	2254.4254653052917	1270.2881827553153	3267.7158791401494	2516.7728906576344	327.0070004686738	1580.5118334276344	3066.1046930028956	932.0019289948791	1432.975313785841	929.6281138218108	747.5841902743944
PWY66-409	1475.7238666572352	0.0	156.75143719439063	95.66001874749887	884.253622000454	4412.976984295102	341.00318746555837	188.05860428062394	317.41480388467426	4276.184134558812	149.78713944632275	427.52501250949507	307.1644335349893	1659.7822323262835	956.3400955359665	1170.629812310196	148.72961702933094	1027.6510138573062	305.6473005332705	600.906098244801	75.01313845899068	324.59274718283143	42.2122736860321	50.269638840327836	1576.165769636618	664.4629307858631	106.625801984197	422.6765472535585	1708.461411279117	25.401673988194883	194.28354536317164	152.20218216908432	106.56335205712439
PWY6666-2	0.0	0.0	0.0	51.0	25.0	0.0	0.0	0.0	0.0	0.0	0.0	0.0	0.0	0.0	0.0	0.0	0.0	0.0	0.0	7.0	6.0	5.0	0.0	0.0	6.0	0.0	0.0	3.0	64.0	26.0	0.0	0.0	4.0
PYRIDNUCSAL-PWY	3601.1350100437953	984.3423567555669	1783.5798725637603	2455.613069234228	2386.556302669121	5488.608864752949	9085.746081689647	4167.065014657914	1086.7652459578667	8905.821501228926	4062.8523106891057	11813.51244895288	7949.816312766712	8860.354086630401	6219.643841150136	2113.4979892324986	2799.902012004557	6463.189251991463	3982.4920847693784	1631.3384380296282	1446.1794067911762	1801.6237160726346	2585.850155097042	1250.8835657268166	2592.4926286789373	2498.6598007151883	619.3436330567754	1559.5898969641066	3183.250426089891	1046.8101777363618	1741.0020842329536	1472.0301307445313	1033.7070468963557
PYRIDNUCSYN-PWY	5248.120163518821	1024.9304210011296	1614.583337750524	1724.6821262920757	1342.47549117222	10571.083875065975	13969.615652673325	2277.8753709406506	9072.103617950703	10986.119071388752	1975.9308114518813	14683.86093482482	4030.6044923924314	10687.318190870164	8282.357981029356	3355.865846766295	1460.341586889245	5728.675491733535	1469.5619764618716	5303.303794483004	2444.060579632437	2956.893139118414	4147.743878797734	3816.9461197049854	2005.0913346897908	5722.376544980941	2095.4479490191993	5983.09331064829	4886.36137589886	2326.026663028493	4677.685169236906	3382.7996770763475	2474.1455003574943
PYRIDOXSYN-PWY	1761.137889699582	343.14992411120903	506.0766562435502	460.0424128582393	76.84416797554016	23.93758683009342	0.0	90.27873074591083	85.2366655436755	0.0	929.7511952743232	29.932709513852608	171.08780536466577	509.44784834555054	35.82739014433945	0.0	56.629073385303045	1048.3039590360568	255.20818426718023	776.4958896958678	967.5852857413884	558.7129824617763	388.77224212716254	646.6762793362764	73.77661221513591	896.2926220533132	382.35472764990834	1909.5495566928716	2769.2665136907635	421.8777011554085	908.1514337073842	1547.694120910286	341.27892019030594
REDCITCYC	3151.58907767858	430.47808476314475	440.26948007803276	792.0482453077499	389.59483368057835	13.824137439567844	130.81622470496373	276.51294338737927	147.04189485752312	195.9433748070682	1285.2538334433057	55.72580533052632	103.79907201818885	454.9290623761635	0.0	79.59381028897805	34.741903610846336	1396.9909199034967	88.00555956076438	1187.25264418848	1320.9256982249688	617.0770138703755	583.1930911417523	637.0135137237673	143.50251736667653	1216.3903248282334	295.4686371798173	1800.558156198108	3715.35228794959	830.237410527352	1170.7045730087605	1579.6519045601356	455.03776315819454
RHAMCAT-PWY	302.1258056386956	188.82969029045856	156.31604816826788	364.3575710207431	138.34947618767012	0.0	202.79018057931037	0.0	4.300879696969851	70.20037235821555	184.09272561407525	785.1469891060632	1497.9363533452004	233.6777655926026	214.30270961238395	0.0	71.66404149355334	95.1604802364689	361.0357339889624	41.21427375713409	73.5457810310975	93.25028639525851	35.23228543622526	66.83101366371635	160.40820756958576	132.29982188657036	8.085968469705934	82.00685512811133	316.2229131139105	62.742047968623666	142.85188134093923	231.24970133093703	120.76629639296314
RIBOSYN2-PWY	6428.531047466245	1674.766298249331	3559.0451602842995	4473.203734362447	3983.5782178983322	11308.683225105555	16523.867536872243	6238.216226815171	9884.887257386436	13136.189250567422	4605.253610052976	18009.11576799082	8191.072830738726	12672.091122732954	9705.75707184584	3845.6196895902613	3445.45250938943	8017.38259323457	3105.4000401922035	6129.665662577574	3986.685331889774	3797.7414205895407	5183.9046086730705	4360.74873196138	3709.126889073718	6484.98288527934	2375.998913623683	6590.640206475037	5997.554603033897	3430.33455636975	5528.235640384787	4125.1158134252855	2990.929244989382
RUMP-PWY	1353.0144006622174	210.61956768375188	256.5015575285864	111.53380649468603	190.45693381581253	153.296709828543	183.06700882891616	72.82855005067675	2200.263939892682	432.9098671887603	172.8817205335063	508.2032312631222	28.152260056095972	980.0256689355635	121.51366582935029	216.27835645852576	58.87045607177792	301.76696560936637	22.89226826041311	900.3319372169368	443.8379222940064	464.75423793039374	216.04151916555654	221.09392264851837	102.86733865323328	595.9494465802113	26.82580320107971	352.23522050088303	365.40456757709774	1814.4991178259247	230.16633908628143	243.32379465366483	340.9779599850974
SALVADEHYPOX-PWY	1875.437077776708	250.41743637584298	798.4082257573855	1169.0422493548135	1646.4594769826836	16.189823660732262	263.89745946582735	233.7611672819296	280.0287953527869	101.43263727914726	114.63377558051778	388.56139292618184	175.45571401201238	323.9998324742468	142.39650239086444	71.5756082836753	81.10734881757173	1051.0560583153167	33.622411319430235	685.5177469883917	621.1614820333742	468.33107789218576	1104.4024978313566	525.2959563017404	527.4376670033864	628.9658689497023	99.53045751701217	227.6979251967986	1651.208851560054	393.635789787206	584.5575665714508	312.20232851706425	604.440847296086
SER-GLYSYN-PWY	7463.261257785667	2550.0115177526463	3435.0305035489578	4671.483791898178	4574.041429335848	16212.312435006177	17403.014661250967	8892.66404790875	9769.409888752065	13885.844930586278	5923.396778618529	18529.481532047652	9941.696385611456	14376.91470867634	10009.914326625401	4232.789153008252	4472.7066412678705	9174.39037934042	5761.37783260305	6470.576529924767	3546.3333947097103	4202.890743634582	5198.209078155065	4393.544622116151	4457.205972662112	6734.037118649527	2384.6993153607646	6775.284704047743	5876.637451263087	3120.09558868983	5540.821801121347	4010.174886330518	3192.336896024805
SO4ASSIM-PWY	3238.950066982163	415.66419000864926	1180.4304924436617	1313.0803158533413	1040.6060644806269	10293.823347728357	19034.8583083209	3737.346614462091	11366.24406921306	13570.32528928862	2482.78782543428	20477.422857677953	5999.796931862359	14210.8780403074	11288.454184405331	3736.3098908896955	2369.0779157305515	7838.65514674869	2539.47493868653	5101.346044089306	2137.9367965047286	2226.76308456854	3619.177043777335	3928.555939084706	1834.7787335762864	6384.033172540026	2565.6688716727303	6587.347521736371	4701.95629062504	1786.1876264437383	4784.979661063157	3374.979316164908	2325.9663344519868
SUCSYN-PWY	0.0	0.0	0.0	0.0	0.0	0.0	0.0	0.0	0.0	0.0	0.0	0.0	0.0	0.0	0.0	0.0	0.0	0.0	0.0	0.0	0.0	0.0	0.0	0.0	0.0	5.866869740765308	0.0	0.0	5.575506939398647	0.0	0.0	4.926183554667424	2.4818402066361545
SULFATE-CYS-PWY	4806.3290770153835	794.5839795091633	1889.1957885889367	2175.1658448428166	1851.9803359515597	12125.850772577445	13033.944563785364	5486.594030389278	4148.904241917593	10886.71303682851	3620.355876663571	14115.347456864109	7594.411496581051	11341.685453326669	7543.092858037719	2848.037704432005	3161.2430022446374	7874.408890520072	3670.2618630502766	3661.8227587714023	2592.354655817902	2913.480128465764	3558.6443363847156	2490.344655324811	2739.2645214220224	4289.773795570197	1010.7448654850843	3499.966883080904	5058.060434105222	2087.5675103941135	3887.406422078608	2819.895243687059	2307.1069112109426
THISYNARA-PWY	8659.15009150903	11518.585157124804	3791.5176558915373	4450.956723001977	5585.665371717929	10422.734063600552	16507.302842758436	5675.59918773821	9914.083710645566	11722.451487539638	2625.8516255029153	17362.65558137592	6971.460777887087	12376.0048008122	8858.65875461277	3889.5886668326834	2702.443107604255	7324.999536172338	3845.745367020823	6666.416443920524	4541.431582899763	8217.113350929698	5692.811472008834	4851.217843804033	12042.356844663913	6546.864305887502	2497.5696139335423	7405.457829929087	6390.999191205287	12167.04953789054	6167.731976240156	4302.320036999225	3474.87604662317
THRESYN-PWY	10745.423118457167	10591.282923109808	5617.5799986882075	6007.1879098488125	7501.656548810649	17226.29546131571	19375.450782354168	10969.030363525775	11054.647756838322	16071.862892679834	6740.800265070554	21235.946555201466	12299.40695846217	16552.33737991037	11170.867742487524	5598.499639633003	5420.229896215366	10963.428694162254	6821.198883286565	8808.078237775702	5631.757108215569	8674.306124129625	7349.169835935712	5628.212962060825	11966.33876488249	7727.881410834206	2660.022253219872	8271.636366923747	7588.708797282217	11612.60080984661	6925.802374467563	4634.999243500659	4479.2402104978455
TOLUENE-DEG-3-OH-PWY	0.0	0.0	10.10413982663851	0.0	3.4607432347058986	0.0	0.0	9.506290364812003	0.0	0.0	0.0	0.0	0.0	0.0	0.0	0.0	0.0	7.069610932688129	0.0	0.0	0.0	17.020209754229437	0.0	0.0	9.89027781211726	0.0	20.41980705456738	7.807705092538492	27.73513615229295	0.0	21.53320476109001	9.73778889735535	0.0
TRNA-CHARGING-PWY	10397.431911771506	7611.953143913737	5339.395921860927	6000.427894510135	7073.420967693941	16358.643077780003	18264.564743195544	7565.740552412217	11451.701908590469	15024.65842359539	4627.281947750611	19848.467668675858	9532.381222952727	15396.774325215229	10398.884945595923	5110.151082960142	3919.642935527071	9289.874431696997	5461.314306425737	8349.841835176441	5497.506268868215	7963.044584736492	7142.403017604109	5565.380615783269	10038.066648418193	7736.467547702947	2732.725793878013	8201.088504517631	7439.051751350105	9313.190109041603	6830.1145445227285	4789.600894382437	4310.623254526666
TYRFUMCAT-PWY	290.94877919119415	0.0	0.0	16.69994514536478	13.416230366492147	0.0	8.383233532934131	12.022900763358779	3.465278394458752	0.0	1.2328767123287672	0.0	0.0	0.0	0.0	7.237949905283098	0.0	37.16567205454735	0.0	47.49101862012384	10.287810702103586	29.917520962714512	10.842105077107325	2.1208761363295054	10.496573283635927	39.31333531818292	0.0	23.775331738200286	453.0231935159418	37.63388676469465	6.855835848178645	26.364983110932993	22.314908716726904
UDPNAGSYN-PWY	10975.010834555938	10616.209799504679	5530.295620113783	5798.047375300612	7134.208449674397	18096.70728443749	19684.23137627337	9709.63236507454	12017.380325289263	16181.910946872034	6003.458770828046	21172.0561165943	11355.130356120191	16521.27296643938	11163.197124822727	5740.264248729788	4755.884074633448	10389.311256254276	6256.207359757916	9197.388554185065	5794.650308440816	8898.504209548599	7570.240527385737	5895.458084144598	11732.544052342604	8111.239905424084	2849.3829779611947	8874.151607378735	7522.414604527431	11916.676457122858	7314.0558406125565	4784.389799153568	4609.033232755139
URDEGR-PWY	205.01423364428888	0.0	0.0	0.0	0.0	0.0	0.0	0.0	0.0	0.0	0.0	0.0	0.0	0.0	0.0	0.0	0.0	22.226549485630876	0.0	1.7035766482039327	12.09069576103902	0.0	0.0	0.0	0.0	0.0	0.0	0.0	171.26478652634944	0.0	18.370415362110315	1.6748392578606395	0.0
URSIN-PWY	386.5457500610545	0.0	3.857406847357215	13.948090257681367	0.0	0.0	0.0	59.72628306863256	0.0	0.0	0.0	0.0	0.0	0.0	0.0	0.0	0.0	253.69200724838703	0.0	125.55682874072306	191.7696320475814	44.52744182199292	83.35493906214502	54.032136330431264	0.0	162.01520154054933	0.0	67.06873484144953	738.3337323914637	114.9352975254065	131.18586351069993	131.31894172155177	49.346992492229916
VALSYN-PWY	11965.12222684405	11944.532274124102	6476.122968857185	6268.493962434971	8677.011060441144	19498.165102527448	20849.891734681347	10961.330867688739	11996.687679358096	17225.473840212715	6683.958802128944	22528.765376274856	12706.260745945214	17521.75166451303	11845.265127276003	6160.711587988168	5435.476725272504	11367.522943536063	7065.884019277357	10018.573637811063	6371.441778016219	9719.53987479657	8253.24450782618	6385.541683276168	13388.82898665811	8711.147665991419	3038.537589024976	9300.23978032931	8602.594943969374	12871.69636169827	7737.235771692524	5241.630915541183	5083.368668678328
